variant_id,product_id,product_name,current_sku,proposed_sku,model,grit,shaft,diameter,source_fields_used,reason,recommended_action
e4b375ab-8f56-4e0e-93a3-254ab76379e2,02681310-8169-48db-b223-b17a9b4589ab,868 Elmas Frez Paketi,0055e64e-73fb-498a-afdc-24b92bf06f44,,868,,,,product_name.model|connection_type|diameter,missing_holder,"Confirm holder/shaft as FG, RA, HP, GFG, SGFG, FFG, or EFFG before apply."
b4c2e70d-37bb-41c2-9aff-fc13f3fd0021,8d53e6ee-697d-4560-9edc-acdc14208d73,Jota C7 Alev / İnce Form Karbit Frez - Alev Karbit,0090f21e-c336-4ce4-ba23-d6098b428b55,,,,FG,008,product_name.model|connection_type|diameter,missing_model,Add manufacturer_ref or product model code before SKU normalization.
3f6212cb-2a96-476c-815a-1320ae9c8f7a,d90f6a0f-837a-42ef-96cc-e61037f16ec5,862 Elmas Frez Paketi,015ca169-a1b1-483e-902e-a9a4330ad99e,,862,,,,product_name.model|connection_type|diameter,missing_holder,"Confirm holder/shaft as FG, RA, HP, GFG, SGFG, FFG, or EFFG before apply."
73bcde87-fc25-4b0e-8349-aa7d19738036,b3d6bec6-1a60-4a45-9217-90ba66afffe6,Jota C1S Yuvarlak Karbit Frez - Yuvarlak Karbit,016ff566-564d-4afa-8aa2-d388f9c59648,,,,RA,010,product_name.model|connection_type|diameter,missing_model,Add manufacturer_ref or product model code before SKU normalization.
ac48d231-d135-45b4-aca3-fc5ce7d928cc,f83e1d47-07c3-456c-b7de-8177953f716f,830 Alev Elmas Frez Paketi,0302d1e0-fdef-4744-840a-85956487209e,,830,,,,product_name.model|connection_type|diameter,missing_holder,"Confirm holder/shaft as FG, RA, HP, GFG, SGFG, FFG, or EFFG before apply."
f687f9cd-a14a-41d6-8ba4-78c971715657,754a7e0c-2110-4e31-b5c3-f1efe0d3aef9,852 Elmas Frez Paketi,05253754-985e-4ef3-9a82-8c7e11f4e248,,852,,,,product_name.model|connection_type|diameter,missing_holder,"Confirm holder/shaft as FG, RA, HP, GFG, SGFG, FFG, or EFFG before apply."
b7031182-cf17-4ee8-aafd-cb4c8762922c,d0ac7f9a-7008-4006-bc55-a68ba4d80ce7,881 Genel Preparasyon Frez Paketi,09bfa7ac-1700-44ec-9580-8ac0288f87c9,,881,,,,product_name.model|connection_type|diameter,missing_holder,"Confirm holder/shaft as FG, RA, HP, GFG, SGFG, FFG, or EFFG before apply."
452717b7-e1fe-496e-83c9-0d39f8e5cb42,754a7e0c-2110-4e31-b5c3-f1efe0d3aef9,852 Elmas Frez Paketi,0a142311-0ecc-4cac-8db7-454b711bd456,,852,,,,product_name.model|connection_type|diameter,missing_holder,"Confirm holder/shaft as FG, RA, HP, GFG, SGFG, FFG, or EFFG before apply."
36ea468d-8929-449c-80c1-328d32a7c14a,d8d14bdb-6b99-434f-911a-2b11f9368155,Karbit Frez Paketi,0b3b579c-4e17-4790-94c5-7e89183f8301,,,,,,product_name.model|connection_type|diameter,missing_model,Add manufacturer_ref or product model code before SKU normalization.
a004b78c-27cd-46d9-a225-4430e33225c4,49314e35-b66c-4767-92f7-55c302460c70,863 Elmas Frez Paketi,0e9d25c2-fbe8-4183-bfec-cceea6d71d22,,863,,,,product_name.model|connection_type|diameter,missing_holder,"Confirm holder/shaft as FG, RA, HP, GFG, SGFG, FFG, or EFFG before apply."
0eb3d884-dd29-4e17-ba81-21c2a55d9ccb,a9c552ad-ca0e-4d45-af58-f3b8800b1a77,Jota C33 Konik Karbit Frez - Konik Karbit,10f567b7-d2ae-4d5e-8a9c-47ec1627c698,,,,FG,012,product_name.model|connection_type|diameter,missing_model,Add manufacturer_ref or product model code before SKU normalization.
f31fc0ca-7116-42b4-9805-9aeac0e299dd,d0ac7f9a-7008-4006-bc55-a68ba4d80ce7,881 Genel Preparasyon Frez Paketi,148ab798-2c4c-469c-88f7-7fe826f0f788,,881,,,,product_name.model|connection_type|diameter,missing_holder,"Confirm holder/shaft as FG, RA, HP, GFG, SGFG, FFG, or EFFG before apply."
54eb6270-e877-45f7-a229-bb9faa2509a4,b3d6bec6-1a60-4a45-9217-90ba66afffe6,Jota C1S Yuvarlak Karbit Frez - Yuvarlak Karbit,156e8995-e839-41d2-87e3-93021707dae1,,,,RA,010,product_name.model|connection_type|diameter,missing_model,Add manufacturer_ref or product model code before SKU normalization.
5d03a672-d81f-420d-9904-3a20114124d1,754a7e0c-2110-4e31-b5c3-f1efe0d3aef9,852 Elmas Frez Paketi,15f701ad-15e7-48a3-a4f3-79e8ea908d01,,852,,,,product_name.model|connection_type|diameter,missing_holder,"Confirm holder/shaft as FG, RA, HP, GFG, SGFG, FFG, or EFFG before apply."
0123ff26-f306-4168-b8fe-d59dedf35a00,8e4f68f7-5851-44dd-9857-612e3439d392,Seramik Cilalama Paketi,187ec66a-a4f3-4f7f-bd1a-310ab68217b7,,,,,,product_name.model|connection_type|diameter,missing_model,Add manufacturer_ref or product model code before SKU normalization.
6ab5deff-eb17-494b-a588-4b05b59e9804,180c95d6-5e85-41ea-8710-6bb6bc95f597,Jota 801 Elmas Frez Paketi,1bcd3665-65f5-4fc0-a7c4-dec0f75363af,,801,,,,product_name.model|connection_type|diameter,missing_holder,"Confirm holder/shaft as FG, RA, HP, GFG, SGFG, FFG, or EFFG before apply."
e31674c0-69d1-4554-a3d1-10ffa3221db5,b3d6bec6-1a60-4a45-9217-90ba66afffe6,Jota C1S Yuvarlak Karbit Frez - Yuvarlak Karbit,1c7091c9-8d4d-49f5-9a35-1cdd49984c0b,,,,RA,010,product_name.model|connection_type|diameter,missing_model,Add manufacturer_ref or product model code before SKU normalization.
dd34e233-a932-413a-8fea-ea59aaefd4cd,db04ba05-0ac3-4a89-a1c0-97c76ca9ac29,805 Elmas Frez Paketi,1e37bbf7-c5a5-4cea-b125-72919633d428,,805,,,,product_name.model|connection_type|diameter,missing_holder,"Confirm holder/shaft as FG, RA, HP, GFG, SGFG, FFG, or EFFG before apply."
794b5a36-b143-47cf-a2a0-2a7a1efc2dec,030c0e1a-81bc-4a9f-8a8a-1eec5870d257,Jota C379 Silindirik Karbit Frez - Düz Kesim Karbit,1ed90df4-c9b2-4271-a4d1-9cb17c917ba1,,,,FG,023,product_name.model|connection_type|diameter,missing_model,Add manufacturer_ref or product model code before SKU normalization.
be6d5686-5bfa-4f03-bf8a-c027976e6e21,a4695cdd-9021-4fae-9ca7-0ce5671402a8,Jota C1 Yuvarlak Karbit Frez - Yuvarlak Karbit,23c8dc13-e51d-4b6d-8529-a1cc2d64743a,,,,FG,010,product_name.model|connection_type|diameter,missing_model,Add manufacturer_ref or product model code before SKU normalization.
9cba2bb7-7981-4fd7-8ced-51525922cca1,cec9427d-2c36-4c5a-a1c3-098056ee9bcf,Kompozit Cilalama Paket,24915855-2f0e-4a41-9938-72792396f89d,,,,,,product_name.model|connection_type|diameter,missing_model,Add manufacturer_ref or product model code before SKU normalization.
90009492-053a-454d-90a6-0265b49a1ffb,5f6d8df3-8d7b-4917-a94f-b4763db8e067,859 Elmas Frez Paketi,250f7b8a-30de-42da-8809-847f3cb1a238,,859,,,,product_name.model|connection_type|diameter,missing_holder,"Confirm holder/shaft as FG, RA, HP, GFG, SGFG, FFG, or EFFG before apply."
dd88f2cc-091e-4d9a-ae71-9292be47e898,929415c0-d3ec-4462-ac6e-a13d61ae9d0c,Jota C152 Cerrahi Karbit Frez - Cerrahi Karbit,257df8e5-f10b-4102-9b60-bf52526fd388,,,,,014,product_name.model|connection_type|diameter,missing_model,Add manufacturer_ref or product model code before SKU normalization.
d0b7d1ae-954b-4de3-9b72-5f62972b917b,d90f6a0f-837a-42ef-96cc-e61037f16ec5,862 Elmas Frez Paketi,26cfc809-f136-4518-992c-e4852b1584fd,,862,,,,product_name.model|connection_type|diameter,missing_holder,"Confirm holder/shaft as FG, RA, HP, GFG, SGFG, FFG, or EFFG before apply."
ec5c3fa6-1731-4b27-9688-211f0c647386,71cb5bcc-5efb-41be-964c-035c568e8a7a,Jota Kit 1540 — Laboratory Finishing & Polishing,28d8407f-5262-47de-aba6-52d0d06fe726,,1540,,,,product_name.model|connection_type|diameter,missing_holder,"Confirm holder/shaft as FG, RA, HP, GFG, SGFG, FFG, or EFFG before apply."
d8787d41-6602-4e90-b763-e9bcf0379f1f,528548a8-8ebe-40ea-a0da-48b2a238b5c8,Jota C151 Cerrahi Karbit Frez - Cerrahi Karbit,2aed6839-2067-4a7b-9ace-43bceeff4743,,,,,016,product_name.model|connection_type|diameter,missing_model,Add manufacturer_ref or product model code before SKU normalization.
7a79370b-30ec-4c43-a6dd-9895d61cc688,d48da519-675f-4c1a-a167-fe70d5842b26,Jota C23R Alev / İnce Form Karbit Frez - Yuvarlatılmış Uçlu Karbit,2db7594f-b57d-4fcc-b816-fabbe19754f8,,,,FG,012,product_name.model|connection_type|diameter,missing_model,Add manufacturer_ref or product model code before SKU normalization.
ee110770-f733-4663-8d6e-c214866be861,3ac2b979-a195-41a0-b6f7-2547fb884235,848 Konik Elmas Paketi Mavi,2f2cc412-3a69-4679-a219-7f76f4347364,,848,,,,product_name.model|connection_type|diameter,missing_holder,"Confirm holder/shaft as FG, RA, HP, GFG, SGFG, FFG, or EFFG before apply."
940fe924-9fa3-491c-8fb0-01448e5d70bd,c186005f-c85a-47f7-920b-db56081d8197,Zirkonyum Cilalama Paketi,2fbb6da6-ac9a-40fb-9038-a5ad4b324e25,,,,,,product_name.model|connection_type|diameter,missing_model,Add manufacturer_ref or product model code before SKU normalization.
3cf85380-2ac2-4926-a98c-5fafa7c0926b,ae86ca37-7dc4-468b-8fb2-26d1dac443d3,833 Armut Elmas Frez Paketi,3746b29a-e23c-4d41-b0c6-00937d0c0018,,833,,,,product_name.model|connection_type|diameter,missing_holder,"Confirm holder/shaft as FG, RA, HP, GFG, SGFG, FFG, or EFFG before apply."
266964cf-936d-414d-b3a5-5f82d85b2181,ae86ca37-7dc4-468b-8fb2-26d1dac443d3,833 Armut Elmas Frez Paketi,37cddf9f-0efa-45c3-bbff-2f438434e977,,833,,,,product_name.model|connection_type|diameter,missing_holder,"Confirm holder/shaft as FG, RA, HP, GFG, SGFG, FFG, or EFFG before apply."
a9f6225a-0ec0-4725-975d-5cf5421f68eb,d48da519-675f-4c1a-a167-fe70d5842b26,Jota C23R Alev / İnce Form Karbit Frez - Yuvarlatılmış Uçlu Karbit,3b9769a0-44cc-4aeb-89e9-a9f949b160e8,,,,FG,012,product_name.model|connection_type|diameter,missing_model,Add manufacturer_ref or product model code before SKU normalization.
a7fec029-bc01-40cf-87c3-6d1dd27646e1,5f6d8df3-8d7b-4917-a94f-b4763db8e067,859 Elmas Frez Paketi,3c33f347-b54c-44a4-9e85-97f5b7da1736,,859,,,,product_name.model|connection_type|diameter,missing_holder,"Confirm holder/shaft as FG, RA, HP, GFG, SGFG, FFG, or EFFG before apply."
0571e213-a594-450b-b8c6-5aa0dca74fcc,754a7e0c-2110-4e31-b5c3-f1efe0d3aef9,852 Elmas Frez Paketi,3e517ccd-3607-42cb-aa65-c5e06531058e,,852,,,,product_name.model|connection_type|diameter,missing_holder,"Confirm holder/shaft as FG, RA, HP, GFG, SGFG, FFG, or EFFG before apply."
6bdb17e0-31a6-4ef8-8e4a-b1a90da7ddb5,8e4f68f7-5851-44dd-9857-612e3439d392,Seramik Cilalama Paketi,433231b1-587d-4c0f-874a-0a0859fa2bba,,,,,,product_name.model|connection_type|diameter,missing_model,Add manufacturer_ref or product model code before SKU normalization.
d33a4d4f-84c5-446d-912e-cb027124f824,d0ac7f9a-7008-4006-bc55-a68ba4d80ce7,881 Genel Preparasyon Frez Paketi,435ec843-d6d2-4bb3-a54c-8c4d7a4ce820,,881,,,,product_name.model|connection_type|diameter,missing_holder,"Confirm holder/shaft as FG, RA, HP, GFG, SGFG, FFG, or EFFG before apply."
f2489bfe-ba42-4895-87ea-bd4cf76d11d8,a23f5dfe-6b09-4c17-a3fe-96f35372024b,Jota Special Frez Paketi,45da41f6-c399-4b12-a8a0-23d6b6bab51f,,,,,,product_name.model|connection_type|diameter,missing_model,Add manufacturer_ref or product model code before SKU normalization.
880d831f-f274-4251-9ee7-2c1d03efe666,80403c25-48a4-4012-bbfa-d2a5b71e7b61,Jota CQ1 Konik Karbit Frez - Konik Karbit,4cd818c3-2f84-4120-8931-8e95e5276d0e,,,,RA,018,product_name.model|connection_type|diameter,missing_model,Add manufacturer_ref or product model code before SKU normalization.
f052b65e-bccf-480d-a791-1b7de1d09569,1518e40b-6f8b-4046-ab35-0630116285ec,558 Silindirik Uzun Elmas Paketi,4d8ef04b-75d7-4b4a-8b76-02476488767a,,558,,,,product_name.model|connection_type|diameter,missing_holder,"Confirm holder/shaft as FG, RA, HP, GFG, SGFG, FFG, or EFFG before apply."
7f9c1e3a-b6aa-4c23-be9a-6c077747c093,4b8393d6-7ec8-4b00-afd6-74525390fd94,JOTA KIT 1541 — Basic Chairside Finishing & Polishing,4e797f33-4a30-4f72-a5cd-f4ebd2f52e24,,1541,,,,product_name.model|connection_type|diameter,missing_holder,"Confirm holder/shaft as FG, RA, HP, GFG, SGFG, FFG, or EFFG before apply."
96b04ce4-62ef-4de0-ac26-50fb78e94898,7c16ba53-a2d7-4450-9317-b58eed3da95f,837L Hızlı Preparasyon Frez Paketi,4f427b03-7851-44f0-9000-6545851281dd,,837L,,,,product_name.model|connection_type|diameter,missing_holder,"Confirm holder/shaft as FG, RA, HP, GFG, SGFG, FFG, or EFFG before apply."
d5681a3d-a113-44f9-b61e-9232001004b3,bed4e8c4-9a3b-4416-a28b-9f7c7aa7fdb0,Jota LS9871M Lityum Disilikat Cilalama Ucu (Polisher) - Step 1,5007644a-3659-47ee-bb01-bb16c22389b5,,,,RA,040,product_name.model|connection_type|diameter,missing_model,Add manufacturer_ref or product model code before SKU normalization.
a6c3109a-c125-49a9-a186-0bbb153592a7,e8082824-6785-48a4-91da-724a59d14d10,Jota C2 Silindirik Karbit Frez - Silindirik Karbit,50f10e62-7a03-4e8b-9026-abb5a807d171,,,,FG,012,product_name.model|connection_type|diameter,missing_model,Add manufacturer_ref or product model code before SKU normalization.
bd24c5d6-c9a9-4aab-9f43-18f9156bf934,d8d14bdb-6b99-434f-911a-2b11f9368155,Karbit Frez Paketi,55fd9822-77c3-4c67-b576-571d304ad493,,,,,,product_name.model|connection_type|diameter,missing_model,Add manufacturer_ref or product model code before SKU normalization.
a0a5dfe4-d832-4f1e-b170-14c059e8e5fa,2e3c1517-a447-4df1-9acf-2bf9b24289f9,Jota C21 Silindirik Karbit Frez - Silindirik Karbit,562e73aa-eab4-4cba-b9ad-fb94d1d63ea9,,,,FG,010,product_name.model|connection_type|diameter,missing_model,Add manufacturer_ref or product model code before SKU normalization.
c23cb24a-2cb4-4747-bc1b-9caaeebfcffc,02681310-8169-48db-b223-b17a9b4589ab,868 Elmas Frez Paketi,566160dd-46f4-4ef6-ad86-4330703b1138,,868,,,,product_name.model|connection_type|diameter,missing_holder,"Confirm holder/shaft as FG, RA, HP, GFG, SGFG, FFG, or EFFG before apply."
9d172e33-8798-4146-b071-fb48e36a900d,7a8be6b1-917e-4507-9a0b-08042bfb124b,Jota 801 Elmas Frez - Mavi Kuşak (Standard) Yuvarlak (Round) Genel Preparasyon Frezi,5a1f73d9-a830-4082-95e2-3f6813ae0433,JOT-801-FG-008,801,,FG,008,product_name.model|connection_type|diameter,duplicate_source_rows,"Likely duplicate imported variant rows with the same model, shaft, diameter, and product family; review source data before applying."
26f54304-cfa9-4840-a553-9aa1e3ccbe0c,919743df-928d-49a8-9111-fa894c0cc968,Jota C244K Kesim Karbiti - Cerrahi Kesim Karbiti,5b00dd37-2ddb-4a68-ac0f-2a96dd7f3bd8,,,,FG,016,product_name.model|connection_type|diameter,missing_model,Add manufacturer_ref or product model code before SKU normalization.
8c316579-98c7-49ae-a655-a48b85acd83f,5f6d8df3-8d7b-4917-a94f-b4763db8e067,859 Elmas Frez Paketi,5e47a048-8317-449c-8235-b89dac27888f,,859,,,,product_name.model|connection_type|diameter,missing_holder,"Confirm holder/shaft as FG, RA, HP, GFG, SGFG, FFG, or EFFG before apply."
8c8cc157-6fa1-496f-85e8-cafc1fad112f,f83e1d47-07c3-456c-b7de-8177953f716f,830 Alev Elmas Frez Paketi,62d9036c-c667-4883-96fa-672e7f5b39c9,,830,,,,product_name.model|connection_type|diameter,missing_holder,"Confirm holder/shaft as FG, RA, HP, GFG, SGFG, FFG, or EFFG before apply."
1731abc0-669e-4d96-a313-cc111fd8473d,c0e0bad7-7773-415f-8ca7-eff9a89245d3,Jota 859L Elmas Frez - Mavi Kuşak (Standard) Extra Uzun İğne Genel Preparasyon Frezi,6429000a-2371-498d-8404-6d9bb192a49e,JOT-859L-FG-012,859L,,FG,012,product_name.model|connection_type|diameter,seed_import_duplicate,Likely seed/import overlap or family collision; choose one canonical row or manually merge/retire duplicates before applying.
f2765a48-c9dd-4656-b37f-837c72b18fa8,b3d6bec6-1a60-4a45-9217-90ba66afffe6,Jota C1S Yuvarlak Karbit Frez - Yuvarlak Karbit,646e9d45-a204-42ca-9349-c99126958d57,,,,RA,010,product_name.model|connection_type|diameter,missing_model,Add manufacturer_ref or product model code before SKU normalization.
7a5551bb-c075-4e6a-b92a-4f7a4705ef03,c186005f-c85a-47f7-920b-db56081d8197,Zirkonyum Cilalama Paketi,65533f26-ce8a-4ff7-b75e-78f8d8f6a217,,,,,,product_name.model|connection_type|diameter,missing_model,Add manufacturer_ref or product model code before SKU normalization.
cbcaa13c-d746-4e92-8a4b-7204e7ae437e,f83e1d47-07c3-456c-b7de-8177953f716f,830 Alev Elmas Frez Paketi,661db6b8-9e71-40d7-a2e0-2b17170219c5,,830,,,,product_name.model|connection_type|diameter,missing_holder,"Confirm holder/shaft as FG, RA, HP, GFG, SGFG, FFG, or EFFG before apply."
64b99272-fd8e-48dc-9010-fb92a2a9b62c,180c95d6-5e85-41ea-8710-6bb6bc95f597,Jota 801 Elmas Frez Paketi,66af6707-2c44-4a8f-ae2e-6eeb6486b6f2,,801,,,,product_name.model|connection_type|diameter,missing_holder,"Confirm holder/shaft as FG, RA, HP, GFG, SGFG, FFG, or EFFG before apply."
fc43f1b7-6c72-4fea-b4f0-d64528be6018,a4695cdd-9021-4fae-9ca7-0ce5671402a8,Jota C1 Yuvarlak Karbit Frez - Yuvarlak Karbit,6769c853-67d9-42cc-8027-66c1ffeb60c5,,,,FG,010,product_name.model|connection_type|diameter,missing_model,Add manufacturer_ref or product model code before SKU normalization.
9c316cdb-dccf-4677-9517-500399e9981e,4fd43bb4-0903-4d2c-8e1e-358465dda2d9,Jota CG35RS Kesim Karbiti - Kesim / Kron Ayırma Karbiti,68bb776a-7e76-4f25-a0cf-2a69fddada72,,,,FG,012,product_name.model|connection_type|diameter,missing_model,Add manufacturer_ref or product model code before SKU normalization.
345054cb-f477-424b-8091-800a37595661,5f6d8df3-8d7b-4917-a94f-b4763db8e067,859 Elmas Frez Paketi,69a8acc9-fe4f-4131-ac56-2924a835db2e,,859,,,,product_name.model|connection_type|diameter,missing_holder,"Confirm holder/shaft as FG, RA, HP, GFG, SGFG, FFG, or EFFG before apply."
65b843d1-e01c-4742-9a51-ee93567ccd9c,d0ac7f9a-7008-4006-bc55-a68ba4d80ce7,881 Genel Preparasyon Frez Paketi,6b429b0e-b464-4630-9367-e8fbfa56a679,,881,,,,product_name.model|connection_type|diameter,missing_holder,"Confirm holder/shaft as FG, RA, HP, GFG, SGFG, FFG, or EFFG before apply."
f6a3f7db-bb53-4a6f-af8d-026b84bbdca0,a9c552ad-ca0e-4d45-af58-f3b8800b1a77,Jota C33 Konik Karbit Frez - Konik Karbit,73f5d184-2cd9-40f1-ae9b-8837cdf129e8,,,,FG,010,product_name.model|connection_type|diameter,missing_model,Add manufacturer_ref or product model code before SKU normalization.
52e18af1-6a47-4ca0-b39f-984745f28672,368503a8-4a9e-4b11-bfe5-b82228ffd3e0,C1S Karbit Frez Paketi,763407c9-088d-4c8c-ab4e-ec1afdae5b66,,,,,,product_name.model|connection_type|diameter,missing_model,Add manufacturer_ref or product model code before SKU normalization.
761c43d6-2124-4e6d-852b-c391f8fca776,22379dfb-a50c-481c-9432-0e436d31c49d,CQ1 Karbit Frez Paketi (CROSS-CUT),77646426-f43d-438f-afa1-888c4c77715a,,,,,,product_name.model|connection_type|diameter,missing_model,Add manufacturer_ref or product model code before SKU normalization.
67b95a63-65ab-411f-a3af-bb510820c1c0,5989ef40-0bf8-4efb-b2d1-9a898bc8ca9b,C1 Karbit Frez Paketi,7a8fdac7-c25c-4cd9-9b61-625fab5c5be0,,,,,,product_name.model|connection_type|diameter,missing_model,Add manufacturer_ref or product model code before SKU normalization.
18a55b91-b72d-4a6f-a572-97bf1db27350,cec9427d-2c36-4c5a-a1c3-098056ee9bcf,Kompozit Cilalama Paket,7c220372-9f05-4373-beee-4a0b674db0be,,,,,,product_name.model|connection_type|diameter,missing_model,Add manufacturer_ref or product model code before SKU normalization.
125be282-82be-4027-acd3-dde4d70bab73,d90f6a0f-837a-42ef-96cc-e61037f16ec5,862 Elmas Frez Paketi,7c956375-4daa-42e2-9773-ab97a103faab,,862,,,,product_name.model|connection_type|diameter,missing_holder,"Confirm holder/shaft as FG, RA, HP, GFG, SGFG, FFG, or EFFG before apply."
6233702a-0502-4fe6-a2c1-7b61e4200590,a4695cdd-9021-4fae-9ca7-0ce5671402a8,Jota C1 Yuvarlak Karbit Frez - Yuvarlak Karbit,7ed0a12a-d94b-43a4-a0d6-dffccf784b62,,,,FG,010,product_name.model|connection_type|diameter,missing_model,Add manufacturer_ref or product model code before SKU normalization.
1bae31d5-86f3-4c3c-bd2a-f665750162b2,96fd59eb-0cf1-41c3-ad67-b6a98234b666,Jota CX23R Finishing Karbit Frez - Finishing Karbit,81610f05-0a23-4ffe-8a5d-cb8919179f98,,,,FG,012,product_name.model|connection_type|diameter,missing_model,Add manufacturer_ref or product model code before SKU normalization.
a889aeaa-b467-45dd-b8de-119ece1b2847,027faf48-a86d-4ba0-ba11-12d8d65c2f4a,Abrezif Cilalama Paketi,8169e138-58ad-4826-95cb-411e1c589f80,,,,,,product_name.model|connection_type|diameter,missing_model,Add manufacturer_ref or product model code before SKU normalization.
875950fe-edd4-4ae5-bc55-98c7bd09067f,a4695cdd-9021-4fae-9ca7-0ce5671402a8,Jota C1 Yuvarlak Karbit Frez - Yuvarlak Karbit,82441c1c-d92d-44ad-a9b0-60722f5e04c7,,,,FG,010,product_name.model|connection_type|diameter,missing_model,Add manufacturer_ref or product model code before SKU normalization.
174fec26-df3d-4b50-b6e3-8bdc129cca99,7c16ba53-a2d7-4450-9317-b58eed3da95f,837L Hızlı Preparasyon Frez Paketi,83d4976a-9745-4f8e-8271-34160f6db4dd,,837L,,,,product_name.model|connection_type|diameter,missing_holder,"Confirm holder/shaft as FG, RA, HP, GFG, SGFG, FFG, or EFFG before apply."
fb312a94-e3b4-4f91-afc6-30437da5a618,027faf48-a86d-4ba0-ba11-12d8d65c2f4a,Abrezif Cilalama Paketi,846b5265-8e68-4dde-8169-171057750fd1,,,,,,product_name.model|connection_type|diameter,missing_model,Add manufacturer_ref or product model code before SKU normalization.
ea116237-0b9a-4a7d-b03a-73fd0c59d961,9788eb8e-8965-4b69-9380-48d2c0fdbe25,Jota RRC7 Finishing Karbit Frez - Finishing Karbit,84957717-9c44-4f2d-9e96-1c643aea3b8d,,,,FG,008,product_name.model|connection_type|diameter,missing_model,Add manufacturer_ref or product model code before SKU normalization.
82b4ba2c-d89a-451a-a0a2-ca9de1be1407,d8d14bdb-6b99-434f-911a-2b11f9368155,Karbit Frez Paketi,867372b4-7b31-442e-82e1-afd8b1b7d554,,,,,,product_name.model|connection_type|diameter,missing_model,Add manufacturer_ref or product model code before SKU normalization.
476f0e58-ad03-4344-8b7a-4829104f362d,a4695cdd-9021-4fae-9ca7-0ce5671402a8,Jota C1 Yuvarlak Karbit Frez - Yuvarlak Karbit,89640694-91a6-4ff2-a1bb-e9f2feba725a,,,,FG,010,product_name.model|connection_type|diameter,missing_model,Add manufacturer_ref or product model code before SKU normalization.
55989d64-4722-4ccf-bb3d-3bf067cc1fdf,2f67f468-c0ff-4015-ab04-f17df5ea0284,801 L Paketi,8b120bc6-a183-4e18-821d-b7378c4b41b7,,801,,,,product_name.model|connection_type|diameter,missing_holder,"Confirm holder/shaft as FG, RA, HP, GFG, SGFG, FFG, or EFFG before apply."
294cebd6-adb7-4c67-8469-bd36643aaa12,2e3c1517-a447-4df1-9acf-2bf9b24289f9,Jota C21 Silindirik Karbit Frez - Silindirik Karbit,908b4952-7072-4957-ae42-9b6827526082,,,,FG,012,product_name.model|connection_type|diameter,missing_model,Add manufacturer_ref or product model code before SKU normalization.
b8641e8f-40ac-4c20-87e3-1a598375ed25,a4695cdd-9021-4fae-9ca7-0ce5671402a8,Jota C1 Yuvarlak Karbit Frez - Yuvarlak Karbit,95909ebb-8317-45ac-84b7-fe78b42233db,,,,FG,010,product_name.model|connection_type|diameter,missing_model,Add manufacturer_ref or product model code before SKU normalization.
3caaffac-cb70-485a-b847-df84751fe86e,ae86ca37-7dc4-468b-8fb2-26d1dac443d3,833 Armut Elmas Frez Paketi,96964907-ae94-4ef5-a9b6-632d8756a3fa,,833,,,,product_name.model|connection_type|diameter,missing_holder,"Confirm holder/shaft as FG, RA, HP, GFG, SGFG, FFG, or EFFG before apply."
92fe417d-08d8-42cb-8247-12ed7a132199,c4742ca3-eea0-4308-b1d0-e6f022ef1d71,Universal Cilalama Paketi,98096356-c6e2-42ca-bbf0-760b23c62d89,,,,,,product_name.model|connection_type|diameter,missing_model,Add manufacturer_ref or product model code before SKU normalization.
21a2c709-e7a0-422c-83b8-b015a840c9f2,0fe13b19-451b-4ea2-b2ed-c6079bea3496,Jota C31 Silindirik Karbit Frez - Silindirik İnce Karbit,9bf46383-3ef6-4cc5-938b-f8361b300fb0,,,,FG,010,product_name.model|connection_type|diameter,missing_model,Add manufacturer_ref or product model code before SKU normalization.
90d978fa-7fff-47a9-a441-94e09237e291,d08a7379-7c87-45a3-b174-1ab25966ffca,835 Elmas Paketi,9da0ef0c-d9c6-4ca3-bb96-4272a08c01bf,,835,,,,product_name.model|connection_type|diameter,missing_holder,"Confirm holder/shaft as FG, RA, HP, GFG, SGFG, FFG, or EFFG before apply."
915956f2-a53e-4ee7-8c84-c216632c3e22,030c0e1a-81bc-4a9f-8a8a-1eec5870d257,Jota C379 Silindirik Karbit Frez - Düz Kesim Karbit,a6223e60-4a80-40de-93f6-d13874a1ae96,,,,FG,018,product_name.model|connection_type|diameter,missing_model,Add manufacturer_ref or product model code before SKU normalization.
37f9ee41-6977-46ad-a3ec-0b5519a9eb41,180c95d6-5e85-41ea-8710-6bb6bc95f597,Jota 801 Elmas Frez Paketi,af3a17c6-3ea7-4355-8277-a968ff36ce3f,,801,,,,product_name.model|connection_type|diameter,missing_holder,"Confirm holder/shaft as FG, RA, HP, GFG, SGFG, FFG, or EFFG before apply."
335e9355-df58-4097-a265-da5c22bdffbd,9ae8aa84-c910-4a14-b39a-93a339d9bffa,850 Elmas Frez Paketi,af3e6936-1810-4faf-88af-6ce14ba3d93d,,850,,,,product_name.model|connection_type|diameter,missing_holder,"Confirm holder/shaft as FG, RA, HP, GFG, SGFG, FFG, or EFFG before apply."
84c56bca-57ac-4cdf-8e47-7353fc9fff67,d90f6a0f-837a-42ef-96cc-e61037f16ec5,862 Elmas Frez Paketi,af4a1594-b38e-48fb-b812-321c7c14a177,,862,,,,product_name.model|connection_type|diameter,missing_holder,"Confirm holder/shaft as FG, RA, HP, GFG, SGFG, FFG, or EFFG before apply."
093fe162-7669-458c-aeeb-5e2e919c2514,9ae8aa84-c910-4a14-b39a-93a339d9bffa,850 Elmas Frez Paketi,b2fd5052-1fa4-4566-bdf8-87ff49526843,,850,,,,product_name.model|connection_type|diameter,missing_holder,"Confirm holder/shaft as FG, RA, HP, GFG, SGFG, FFG, or EFFG before apply."
2b241fcb-0014-4579-a987-137d6e3d5cbc,a98dc42b-5fc3-4469-9a9d-3236471bbd5f,Jota SD661F Diamond Stone Seramik Ayar Taşı,b5f07714-6068-4a80-822c-bb8ccd062c6e,,,,RA,025,product_name.model|connection_type|diameter,missing_model,Add manufacturer_ref or product model code before SKU normalization.
822292f6-4292-40f1-8143-fc6d8d9ebbaf,f35e7a73-46df-4875-849f-862ce565f707,Jota LS9873M Lityum Disilikat Cilalama Ucu (Polisher) - Step 1,b9d6e6e7-a3d9-42dd-a39e-5cee1b839fc8,,,,RA,014,product_name.model|connection_type|diameter,missing_model,Add manufacturer_ref or product model code before SKU normalization.
6847032f-76f7-47af-8aee-a782ad0851a3,ab9a714c-409b-45a5-b9f1-63955334be95,Jota C31R Silindirik Karbit Frez - Yuvarlatılmış Uçlu Silindirik Karbit,bc29bb1b-5549-448d-ba38-c92e9548cd13,,,,FG,012,product_name.model|connection_type|diameter,missing_model,Add manufacturer_ref or product model code before SKU normalization.
82fbab52-6086-4e31-a700-5ba6b81573e5,a4695cdd-9021-4fae-9ca7-0ce5671402a8,Jota C1 Yuvarlak Karbit Frez - Yuvarlak Karbit,bc8c6504-621a-4fd0-b3f7-8a61df006ac5,,,,FG,010,product_name.model|connection_type|diameter,missing_model,Add manufacturer_ref or product model code before SKU normalization.
9714dddf-19c5-4d23-aada-4d1d8a27bfb5,5f6d8df3-8d7b-4917-a94f-b4763db8e067,859 Elmas Frez Paketi,bed02ca6-6a56-4806-a362-a380db517f1d,,859,,,,product_name.model|connection_type|diameter,missing_holder,"Confirm holder/shaft as FG, RA, HP, GFG, SGFG, FFG, or EFFG before apply."
1f7a8b40-6dab-4892-b737-0336d291fa36,027faf48-a86d-4ba0-ba11-12d8d65c2f4a,Abrezif Cilalama Paketi,c463d06a-aeec-4adb-a817-798ff3d191e1,,,,,,product_name.model|connection_type|diameter,missing_model,Add manufacturer_ref or product model code before SKU normalization.
8ddd13b7-f5ee-4941-b167-a22ab1b337b4,8d53e6ee-697d-4560-9edc-acdc14208d73,Jota C7 Alev / İnce Form Karbit Frez - Alev Karbit,c5518321-a807-4323-84b4-cfe669ebdbfc,,,,FG,010,product_name.model|connection_type|diameter,missing_model,Add manufacturer_ref or product model code before SKU normalization.
b17b58f5-8428-4862-8c78-af0cf64e2174,e8082824-6785-48a4-91da-724a59d14d10,Jota C2 Silindirik Karbit Frez - Silindirik Karbit,c8a152a6-ecd3-4377-8d88-dfab40b83ff7,,,,FG,014,product_name.model|connection_type|diameter,missing_model,Add manufacturer_ref or product model code before SKU normalization.
45b3f52a-a675-4a81-827f-4450cfeb2868,348f3139-98cf-4d1f-8dcc-c2e1b151f456,Jota Essential II Frez Seti,cb3384cf-731a-42a3-9f6a-9b439cd1d5c7,,,,FG,016,product_name.model|connection_type|diameter,missing_model,Add manufacturer_ref or product model code before SKU normalization.
caa8a0b7-dcfc-4afa-a6b8-d9446f3ab8e1,8bdc45ac-c7a6-4ace-962f-d3229721db22,Jota GP662 Glaze Prep Zirkonya & Seramik Ayar Frezi,ccc3df0a-8f9a-4818-9c04-c84b11d85a41,,,,RA,035,product_name.model|connection_type|diameter,missing_model,Add manufacturer_ref or product model code before SKU normalization.
0d52ceff-0fce-453e-bfb2-46fc5610a4eb,0cf02ab9-b2c6-41b2-9075-8134b5b972d0,Jota C31A Finishing Karbit Frez - Finishing Karbit,ccda2ce1-145a-45b6-aad5-06241a955848,,,,FG,012,product_name.model|connection_type|diameter,missing_model,Add manufacturer_ref or product model code before SKU normalization.
176608c6-ccb5-49e1-8411-a41a608d9c59,c49a20c1-99c6-452a-afae-8ab274b228d4,Jota RRC31R Finishing Karbit Frez - Finishing Karbit,ced53525-9b22-4a89-b914-05acf0b9196c,,,,FG,012,product_name.model|connection_type|diameter,missing_model,Add manufacturer_ref or product model code before SKU normalization.
9151281e-101f-4075-88d5-86bbb66c28d3,0bda49f5-5cac-4a62-a426-b2554c021853,Cerrahi Frez Paketi,cef0e253-3d9a-4eb0-92b7-824a48c8ee73,,,,,,product_name.model|connection_type|diameter,missing_model,Add manufacturer_ref or product model code before SKU normalization.
f94786d2-6ea6-41bb-9883-c26a0a58ee4b,7a8be6b1-917e-4507-9a0b-08042bfb124b,Jota 801 Elmas Frez - Mavi Kuşak (Standard) Yuvarlak (Round) Genel Preparasyon Frezi,d03dd80c-2b5d-4897-b6ef-85a7427e3e0f,JOT-801-FG-014,801,,FG,014,product_name.model|connection_type|diameter,duplicate_source_rows,"Likely duplicate imported variant rows with the same model, shaft, diameter, and product family; review source data before applying."
498147a4-b8c9-42bd-aa39-a320e26e831d,22fe2d87-acbe-4503-9015-1d6ce57a60ee,Lityum Disilikat Cilalama Paketi,d1537417-f3b6-4203-b846-5f7c07e8edd7,,,,,,product_name.model|connection_type|diameter,missing_model,Add manufacturer_ref or product model code before SKU normalization.
bf7567e2-5487-4720-a82b-281590860262,8e4f68f7-5851-44dd-9857-612e3439d392,Seramik Cilalama Paketi,d61ac0b8-aca7-45ac-b980-b9986a037701,,,,,,product_name.model|connection_type|diameter,missing_model,Add manufacturer_ref or product model code before SKU normalization.
e4826851-8a5d-443d-acc8-ab18947fff90,288886f3-f2e3-4f91-8d00-8daec7ce5288,Metal Cilalama Paket,d99b3f4e-7ddb-4b1f-80de-c1da7ac985ff,,,,,,product_name.model|connection_type|diameter,missing_model,Add manufacturer_ref or product model code before SKU normalization.
d04c2603-dcc7-44ea-a301-0e31f7b7bd56,9ae8aa84-c910-4a14-b39a-93a339d9bffa,850 Elmas Frez Paketi,dd00aa18-8afe-4785-98a4-f3ff10bc0d30,,850,,,,product_name.model|connection_type|diameter,missing_holder,"Confirm holder/shaft as FG, RA, HP, GFG, SGFG, FFG, or EFFG before apply."
495cf3b1-2f10-48f8-9ed6-1695635a6602,2f67f468-c0ff-4015-ab04-f17df5ea0284,801 L Paketi,de5bf2a0-46bb-4d93-8423-f788cc20b2b6,,801,,,,product_name.model|connection_type|diameter,missing_holder,"Confirm holder/shaft as FG, RA, HP, GFG, SGFG, FFG, or EFFG before apply."
52966ebb-e21a-48dc-9332-6ed926539416,5f6d8df3-8d7b-4917-a94f-b4763db8e067,859 Elmas Frez Paketi,dedd1a9d-705a-48a2-87e1-b5ec636adacd,,859,,,,product_name.model|connection_type|diameter,missing_holder,"Confirm holder/shaft as FG, RA, HP, GFG, SGFG, FFG, or EFFG before apply."
7f3fa55d-6865-4c40-bc8a-9a8d042b0dab,4a9ea7e8-fe2b-4e0e-8036-59c5db84d189,Jota CQ1L Konik Karbit Frez - Uzun Konik Karbit,e1c20906-fb90-4412-8ba2-2507b7def272,,,,RA,018,product_name.model|connection_type|diameter,missing_model,Add manufacturer_ref or product model code before SKU normalization.
b7e9c8e8-9ce6-4a28-91e3-5fef5c3c1671,7a8be6b1-917e-4507-9a0b-08042bfb124b,Jota 801 Elmas Frez - Mavi Kuşak (Standard) Yuvarlak (Round) Genel Preparasyon Frezi,e30455b1-1090-49ba-a9a6-b29179ca3160,JOT-801-FG-008,801,,FG,008,product_name.model|connection_type|diameter,duplicate_source_rows,"Likely duplicate imported variant rows with the same model, shaft, diameter, and product family; review source data before applying."
440f2da2-5e06-4a77-bd6a-807335430a0a,22fe2d87-acbe-4503-9015-1d6ce57a60ee,Lityum Disilikat Cilalama Paketi,e3ee9421-c645-4dd0-a31a-8167ab5be23f,,,,,,product_name.model|connection_type|diameter,missing_model,Add manufacturer_ref or product model code before SKU normalization.
f2f0e854-8d76-4241-a454-ba301227dbd9,abe7db62-d2b1-4f34-bf95-c0fe60b4db1c,Zirkonyum Elmas Frez Paketi,e5091e45-2072-4813-8fc2-5a6081be1a35,,,,,,product_name.model|connection_type|diameter,missing_model,Add manufacturer_ref or product model code before SKU normalization.
6d67d46d-87a1-453b-aef8-2c117b520bd9,c7f5cc1e-614b-4553-a75a-47a2a61383fb,Metal Kesim Frez Paketi (CROWN CUTTERS),e52d8d5e-1b2b-40f2-a9ed-9c680147523c,,,,,,product_name.model|connection_type|diameter,missing_model,Add manufacturer_ref or product model code before SKU normalization.
b05f0489-f90c-42bf-9d5d-c9d55e96bf15,02681310-8169-48db-b223-b17a9b4589ab,868 Elmas Frez Paketi,e589ba51-5d27-432c-b920-59a2f585c028,,868,,,,product_name.model|connection_type|diameter,missing_holder,"Confirm holder/shaft as FG, RA, HP, GFG, SGFG, FFG, or EFFG before apply."
a52c65ed-d993-4706-8e54-361fb413d876,b3d6bec6-1a60-4a45-9217-90ba66afffe6,Jota C1S Yuvarlak Karbit Frez - Yuvarlak Karbit,e742f32f-7cd4-4d8e-ac93-8a442b002117,,,,RA,010,product_name.model|connection_type|diameter,missing_model,Add manufacturer_ref or product model code before SKU normalization.
5805f959-c0e8-446d-9a5b-f3f1ebfc64af,80403c25-48a4-4012-bbfa-d2a5b71e7b61,Jota CQ1 Konik Karbit Frez - Konik Karbit,e7f4ff58-1c79-4604-bf67-7ed91ea3ab4f,,,,RA,016,product_name.model|connection_type|diameter,missing_model,Add manufacturer_ref or product model code before SKU normalization.
cd230f72-ead2-4126-9855-9c53f395ddd9,4a9ea7e8-fe2b-4e0e-8036-59c5db84d189,Jota CQ1L Konik Karbit Frez - Uzun Konik Karbit,e85a49ec-0cc3-42a9-bec0-5f2f28117044,,,,RA,016,product_name.model|connection_type|diameter,missing_model,Add manufacturer_ref or product model code before SKU normalization.
1ef88515-f003-43bd-ad75-b3b5b7d90439,a4b0cb47-048e-4b71-a487-6cec880a733c,Jota C48L Alev / İnce Form Karbit Frez - Uzun İnce Karbit,eaf70ee5-8852-4d65-9187-07858911662b,,,,FG,012,product_name.model|connection_type|diameter,missing_model,Add manufacturer_ref or product model code before SKU normalization.
a2a94f49-0a48-48c6-9a41-2a9e4e9185a4,b3d6bec6-1a60-4a45-9217-90ba66afffe6,Jota C1S Yuvarlak Karbit Frez - Yuvarlak Karbit,ebd47ed6-1f11-4013-9949-ae65ff77c532,,,,RA,010,product_name.model|connection_type|diameter,missing_model,Add manufacturer_ref or product model code before SKU normalization.
eb14f066-6578-42a6-b5d7-6bf62afb20e7,37236356-e248-454c-9364-dfc93c101e41,Jota LS9873F Lityum Disilikat Cilalama Ucu (Polisher) - Step 2,ed2152c4-fe71-40d6-a3f4-0cae0d7df9f9,,,,RA,014,product_name.model|connection_type|diameter,missing_model,Add manufacturer_ref or product model code before SKU normalization.
6b936d57-afd1-4929-b48c-49b46e84d8bc,ae86ca37-7dc4-468b-8fb2-26d1dac443d3,833 Armut Elmas Frez Paketi,ed6afe93-b9bf-41b5-a8fe-a02ef25203e0,,833,,,,product_name.model|connection_type|diameter,missing_holder,"Confirm holder/shaft as FG, RA, HP, GFG, SGFG, FFG, or EFFG before apply."
5ebe090b-b3c0-4664-8492-88a1ec5ea8da,7a8be6b1-917e-4507-9a0b-08042bfb124b,Jota 801 Elmas Frez - Mavi Kuşak (Standard) Yuvarlak (Round) Genel Preparasyon Frezi,eea23e94-fe62-4226-97d6-e95ed2c20b00,JOT-801-FG-008,801,,FG,008,product_name.model|connection_type|diameter,duplicate_source_rows,"Likely duplicate imported variant rows with the same model, shaft, diameter, and product family; review source data before applying."
aba16b6d-b488-479f-aff3-09fbf30aea43,bae69385-4c8c-46c8-98b7-c08eca26bdca,Jota LS9871F Lityum Disilikat Cilalama Ucu (Polisher) - Step 2,efe81e13-69a7-4a0c-b0b4-98b8816e3dcc,,,,RA,040,product_name.model|connection_type|diameter,missing_model,Add manufacturer_ref or product model code before SKU normalization.
a1f81375-2738-40c5-b413-74020260241f,d8d14bdb-6b99-434f-911a-2b11f9368155,Karbit Frez Paketi,f35dd761-279e-4a38-9614-44277eb3a12c,,,,,,product_name.model|connection_type|diameter,missing_model,Add manufacturer_ref or product model code before SKU normalization.
eead6813-3fed-458d-8d32-e4d90d7e7b8a,f83e1d47-07c3-456c-b7de-8177953f716f,830 Alev Elmas Frez Paketi,f94bbad1-f913-47e2-88dc-ddc370b1a76a,,830,,,,product_name.model|connection_type|diameter,missing_holder,"Confirm holder/shaft as FG, RA, HP, GFG, SGFG, FFG, or EFFG before apply."
a4d89bb8-c4dc-4f2d-bc7f-3b883ba43f3e,b3d6bec6-1a60-4a45-9217-90ba66afffe6,Jota C1S Yuvarlak Karbit Frez - Yuvarlak Karbit,fa0dc0ee-056e-49f9-a947-33d03d66d055,,,,RA,010,product_name.model|connection_type|diameter,missing_model,Add manufacturer_ref or product model code before SKU normalization.
b05dbc49-5358-4d4f-9a7b-c490acf40051,e95844b7-64c5-49f0-97b2-7360236bfbd8,Jota CX21 Finishing Karbit Frez - Finishing Karbit,fd1d9e62-c1bd-4641-9e53-4784b4421ac6,,,,FG,012,product_name.model|connection_type|diameter,missing_model,Add manufacturer_ref or product model code before SKU normalization.
aa69d4e7-1fd9-4346-96fc-b4299f3005f1,fb2689e9-58f2-49b4-b283-da08a439a44e,JOTA KIT 1542 — Professional Chairside Finishing & Polishing,JOT-1542-KIT-GUL,,1542,,,,product_name.model|connection_type|diameter,missing_holder,"Confirm holder/shaft as FG, RA, HP, GFG, SGFG, FFG, or EFFG before apply."
d85f6387-769d-4b7b-8619-8f84698723b0,7a8be6b1-917e-4507-9a0b-08042bfb124b,Jota 801 Elmas Frez - Mavi Kuşak (Standard) Yuvarlak (Round) Genel Preparasyon Frezi,JOT-801XL-FG-014,JOT-801-FG-014,801,,FG,014,product_name.model|connection_type|diameter,duplicate_source_rows,"Likely duplicate imported variant rows with the same model, shaft, diameter, and product family; review source data before applying."
6726754d-24ff-408d-950b-04437b05c327,7a8be6b1-917e-4507-9a0b-08042bfb124b,Jota 801 Elmas Frez - Mavi Kuşak (Standard) Yuvarlak (Round) Genel Preparasyon Frezi,JOT-801XL-FG-018,JOT-801-FG-018,801,,FG,018,product_name.model|connection_type|diameter,duplicate_source_rows,"Likely duplicate imported variant rows with the same model, shaft, diameter, and product family; review source data before applying."
70b6337a-e80c-425d-bcb4-d9c2a9a9cf35,08fa8160-d80b-4e28-9df9-19ddfc787401,Jota 833EF Elmas Frez - Sarı Extra İnce Armut / Torpido Elmas Frez,JOT-833-EFG-023,JOT-833-EFFG-023,833,EF,FG,023,product_name.model|connection_type|diameter,duplicate_source_rows,"Likely duplicate imported variant rows with the same model, shaft, diameter, and product family; review source data before applying."
e81d267f-b278-4f0b-afb4-ef26cfa72a0b,b8eefd24-be05-450d-ae81-4cbc02b8b732,Jota 830EF Elmas Frez - Sarı Extra İnce Alev (Flame) Elmas Frez,JOT-83O-EFFG-018,JOT-830-EFFG-018,830,EF,FG,018,product_name.model|connection_type|diameter,duplicate_source_rows,"Likely duplicate imported variant rows with the same model, shaft, diameter, and product family; review source data before applying."
f0e81071-c28c-4be2-aa58-69ef96ef10db,b8eefd24-be05-450d-ae81-4cbc02b8b732,Jota 830EF Elmas Frez - Sarı Extra İnce Alev (Flame) Elmas Frez,JOT-83O-EFFG-021,JOT-830-EFFG-021,830,EF,FG,021,product_name.model|connection_type|diameter,duplicate_source_rows,"Likely duplicate imported variant rows with the same model, shaft, diameter, and product family; review source data before applying."
16d83a4c-3d65-4fd1-864d-59dee797c819,b8eefd24-be05-450d-ae81-4cbc02b8b732,Jota 830EF Elmas Frez - Sarı Extra İnce Alev (Flame) Elmas Frez,JOT-83O-EFFG-023,JOT-830-EFFG-023,830,EF,FG,023,product_name.model|connection_type|diameter,duplicate_source_rows,"Likely duplicate imported variant rows with the same model, shaft, diameter, and product family; review source data before applying."
c975c2e1-73ea-4776-a09e-f5dcc963d4ff,03ddde4b-d678-4c6e-adbe-330ad44f11df,9805 Polisaj Frezi,JOT-9805G-RA-POL,,9805,G,RA,,manufacturer_ref.model|manufacturer_ref.holder|diameter,missing_safe_diameter,Confirm explicit diameter/size; do not infer from model number.
a953a6c0-9b0d-47ef-840b-2893bf4d0697,9c08d72a-8ff9-4b97-bda6-742f6c37af53,852 Chamfer Elmas Frez,JOTA-852-FG-014,JOT-852-FG-014,852,,FG,014,manufacturer_ref.model|manufacturer_ref.holder|manufacturer_ref.diameter,seed_import_duplicate,Likely seed/import overlap or family collision; choose one canonical row or manually merge/retire duplicates before applying.
7461a0e6-8ace-4267-a919-56a90104e923,03ddde4b-d678-4c6e-adbe-330ad44f11df,9805 Polisaj Frezi,JOTA-9805M-RA,,9805M,,RA,,manufacturer_ref.model|manufacturer_ref.holder|diameter,missing_safe_diameter,Confirm explicit diameter/size; do not infer from model number.
43fe662d-2117-4161-8b42-c3b2ac27f0ec,5b36ab8a-58f7-4f76-b90b-db0128b40a76,CQ1 Karbit Frez,JOTA-CQ1-FG-010,,,,FG,010,product_name.model|manufacturer_ref.holder|manufacturer_ref.diameter,missing_model,Add manufacturer_ref or product model code before SKU normalization.
c4eecdd3-2907-49cb-b383-1d53310b3e8f,dc02b343-fdcb-42e1-a51d-ff8695c912ab,LS9873F Polisaj Frezi,JOTA-LS9873F-RA,,,,RA,,product_name.model|manufacturer_ref.holder|diameter,missing_model,Add manufacturer_ref or product model code before SKU normalization.