target_sku,conflict_type,product_id,product_name,variant_id,current_sku,proposed_sku,model,shaft,diameter,source_fields_used,reason,recommended_fix
,missing_holder,02681310-8169-48db-b223-b17a9b4589ab,868 Elmas Frez Paketi,e4b375ab-8f56-4e0e-93a3-254ab76379e2,0055e64e-73fb-498a-afdc-24b92bf06f44,,868,,,product_name.model|connection_type|diameter,missing_holder,"Confirm holder/shaft as FG, RA, HP, GFG, SGFG, FFG, or EFFG before apply."
,missing_model,8d53e6ee-697d-4560-9edc-acdc14208d73,Jota C7 Alev / İnce Form Karbit Frez - Alev Karbit,b4c2e70d-37bb-41c2-9aff-fc13f3fd0021,0090f21e-c336-4ce4-ba23-d6098b428b55,,,FG,008,product_name.model|connection_type|diameter,missing_model,Add manufacturer_ref or product model code before SKU normalization.
,missing_holder,d90f6a0f-837a-42ef-96cc-e61037f16ec5,862 Elmas Frez Paketi,3f6212cb-2a96-476c-815a-1320ae9c8f7a,015ca169-a1b1-483e-902e-a9a4330ad99e,,862,,,product_name.model|connection_type|diameter,missing_holder,"Confirm holder/shaft as FG, RA, HP, GFG, SGFG, FFG, or EFFG before apply."
,missing_model,b3d6bec6-1a60-4a45-9217-90ba66afffe6,Jota C1S Yuvarlak Karbit Frez - Yuvarlak Karbit,73bcde87-fc25-4b0e-8349-aa7d19738036,016ff566-564d-4afa-8aa2-d388f9c59648,,,RA,010,product_name.model|connection_type|diameter,missing_model,Add manufacturer_ref or product model code before SKU normalization.
,missing_holder,f83e1d47-07c3-456c-b7de-8177953f716f,830 Alev Elmas Frez Paketi,ac48d231-d135-45b4-aca3-fc5ce7d928cc,0302d1e0-fdef-4744-840a-85956487209e,,830,,,product_name.model|connection_type|diameter,missing_holder,"Confirm holder/shaft as FG, RA, HP, GFG, SGFG, FFG, or EFFG before apply."
,missing_holder,754a7e0c-2110-4e31-b5c3-f1efe0d3aef9,852 Elmas Frez Paketi,f687f9cd-a14a-41d6-8ba4-78c971715657,05253754-985e-4ef3-9a82-8c7e11f4e248,,852,,,product_name.model|connection_type|diameter,missing_holder,"Confirm holder/shaft as FG, RA, HP, GFG, SGFG, FFG, or EFFG before apply."
,missing_holder,d0ac7f9a-7008-4006-bc55-a68ba4d80ce7,881 Genel Preparasyon Frez Paketi,b7031182-cf17-4ee8-aafd-cb4c8762922c,09bfa7ac-1700-44ec-9580-8ac0288f87c9,,881,,,product_name.model|connection_type|diameter,missing_holder,"Confirm holder/shaft as FG, RA, HP, GFG, SGFG, FFG, or EFFG before apply."
,missing_holder,754a7e0c-2110-4e31-b5c3-f1efe0d3aef9,852 Elmas Frez Paketi,452717b7-e1fe-496e-83c9-0d39f8e5cb42,0a142311-0ecc-4cac-8db7-454b711bd456,,852,,,product_name.model|connection_type|diameter,missing_holder,"Confirm holder/shaft as FG, RA, HP, GFG, SGFG, FFG, or EFFG before apply."
,missing_model,d8d14bdb-6b99-434f-911a-2b11f9368155,Karbit Frez Paketi,36ea468d-8929-449c-80c1-328d32a7c14a,0b3b579c-4e17-4790-94c5-7e89183f8301,,,,,product_name.model|connection_type|diameter,missing_model,Add manufacturer_ref or product model code before SKU normalization.
,missing_holder,49314e35-b66c-4767-92f7-55c302460c70,863 Elmas Frez Paketi,a004b78c-27cd-46d9-a225-4430e33225c4,0e9d25c2-fbe8-4183-bfec-cceea6d71d22,,863,,,product_name.model|connection_type|diameter,missing_holder,"Confirm holder/shaft as FG, RA, HP, GFG, SGFG, FFG, or EFFG before apply."
,missing_model,a9c552ad-ca0e-4d45-af58-f3b8800b1a77,Jota C33 Konik Karbit Frez - Konik Karbit,0eb3d884-dd29-4e17-ba81-21c2a55d9ccb,10f567b7-d2ae-4d5e-8a9c-47ec1627c698,,,FG,012,product_name.model|connection_type|diameter,missing_model,Add manufacturer_ref or product model code before SKU normalization.
,missing_holder,d0ac7f9a-7008-4006-bc55-a68ba4d80ce7,881 Genel Preparasyon Frez Paketi,f31fc0ca-7116-42b4-9805-9aeac0e299dd,148ab798-2c4c-469c-88f7-7fe826f0f788,,881,,,product_name.model|connection_type|diameter,missing_holder,"Confirm holder/shaft as FG, RA, HP, GFG, SGFG, FFG, or EFFG before apply."
,missing_model,b3d6bec6-1a60-4a45-9217-90ba66afffe6,Jota C1S Yuvarlak Karbit Frez - Yuvarlak Karbit,54eb6270-e877-45f7-a229-bb9faa2509a4,156e8995-e839-41d2-87e3-93021707dae1,,,RA,010,product_name.model|connection_type|diameter,missing_model,Add manufacturer_ref or product model code before SKU normalization.
,missing_holder,754a7e0c-2110-4e31-b5c3-f1efe0d3aef9,852 Elmas Frez Paketi,5d03a672-d81f-420d-9904-3a20114124d1,15f701ad-15e7-48a3-a4f3-79e8ea908d01,,852,,,product_name.model|connection_type|diameter,missing_holder,"Confirm holder/shaft as FG, RA, HP, GFG, SGFG, FFG, or EFFG before apply."
,missing_holder,fb2689e9-58f2-49b4-b283-da08a439a44e,JOTA KIT 1542 — Professional Chairside Finishing & Polishing,aa69d4e7-1fd9-4346-96fc-b4299f3005f1,1688099d-4d3c-4419-9755-d1bd660257bb,,1542,,,product_name.model|connection_type|diameter,missing_holder,"Confirm holder/shaft as FG, RA, HP, GFG, SGFG, FFG, or EFFG before apply."
,missing_model,8e4f68f7-5851-44dd-9857-612e3439d392,Seramik Cilalama Paketi,0123ff26-f306-4168-b8fe-d59dedf35a00,187ec66a-a4f3-4f7f-bd1a-310ab68217b7,,,,,product_name.model|connection_type|diameter,missing_model,Add manufacturer_ref or product model code before SKU normalization.
,missing_holder,180c95d6-5e85-41ea-8710-6bb6bc95f597,Jota 801 Elmas Frez Paketi,6ab5deff-eb17-494b-a588-4b05b59e9804,1bcd3665-65f5-4fc0-a7c4-dec0f75363af,,801,,,product_name.model|connection_type|diameter,missing_holder,"Confirm holder/shaft as FG, RA, HP, GFG, SGFG, FFG, or EFFG before apply."
,missing_model,b3d6bec6-1a60-4a45-9217-90ba66afffe6,Jota C1S Yuvarlak Karbit Frez - Yuvarlak Karbit,e31674c0-69d1-4554-a3d1-10ffa3221db5,1c7091c9-8d4d-49f5-9a35-1cdd49984c0b,,,RA,010,product_name.model|connection_type|diameter,missing_model,Add manufacturer_ref or product model code before SKU normalization.
,missing_holder,db04ba05-0ac3-4a89-a1c0-97c76ca9ac29,805 Elmas Frez Paketi,dd34e233-a932-413a-8fea-ea59aaefd4cd,1e37bbf7-c5a5-4cea-b125-72919633d428,,805,,,product_name.model|connection_type|diameter,missing_holder,"Confirm holder/shaft as FG, RA, HP, GFG, SGFG, FFG, or EFFG before apply."
,missing_model,030c0e1a-81bc-4a9f-8a8a-1eec5870d257,Jota C379 Silindirik Karbit Frez - Düz Kesim Karbit,794b5a36-b143-47cf-a2a0-2a7a1efc2dec,1ed90df4-c9b2-4271-a4d1-9cb17c917ba1,,,FG,023,product_name.model|connection_type|diameter,missing_model,Add manufacturer_ref or product model code before SKU normalization.
,missing_model,a4695cdd-9021-4fae-9ca7-0ce5671402a8,Jota C1 Yuvarlak Karbit Frez - Yuvarlak Karbit,be6d5686-5bfa-4f03-bf8a-c027976e6e21,23c8dc13-e51d-4b6d-8529-a1cc2d64743a,,,FG,010,product_name.model|connection_type|diameter,missing_model,Add manufacturer_ref or product model code before SKU normalization.
,missing_model,cec9427d-2c36-4c5a-a1c3-098056ee9bcf,Kompozit Cilalama Paket,9cba2bb7-7981-4fd7-8ced-51525922cca1,24915855-2f0e-4a41-9938-72792396f89d,,,,,product_name.model|connection_type|diameter,missing_model,Add manufacturer_ref or product model code before SKU normalization.
,missing_holder,5f6d8df3-8d7b-4917-a94f-b4763db8e067,859 Elmas Frez Paketi,90009492-053a-454d-90a6-0265b49a1ffb,250f7b8a-30de-42da-8809-847f3cb1a238,,859,,,product_name.model|connection_type|diameter,missing_holder,"Confirm holder/shaft as FG, RA, HP, GFG, SGFG, FFG, or EFFG before apply."
,missing_model,929415c0-d3ec-4462-ac6e-a13d61ae9d0c,Jota C152 Cerrahi Karbit Frez - Cerrahi Karbit,dd88f2cc-091e-4d9a-ae71-9292be47e898,257df8e5-f10b-4102-9b60-bf52526fd388,,,,014,product_name.model|connection_type|diameter,missing_model,Add manufacturer_ref or product model code before SKU normalization.
,missing_holder,d90f6a0f-837a-42ef-96cc-e61037f16ec5,862 Elmas Frez Paketi,d0b7d1ae-954b-4de3-9b72-5f62972b917b,26cfc809-f136-4518-992c-e4852b1584fd,,862,,,product_name.model|connection_type|diameter,missing_holder,"Confirm holder/shaft as FG, RA, HP, GFG, SGFG, FFG, or EFFG before apply."
,missing_holder,71cb5bcc-5efb-41be-964c-035c568e8a7a,Jota Kit 1540 — Laboratory Finishing & Polishing,ec5c3fa6-1731-4b27-9688-211f0c647386,28d8407f-5262-47de-aba6-52d0d06fe726,,1540,,,product_name.model|connection_type|diameter,missing_holder,"Confirm holder/shaft as FG, RA, HP, GFG, SGFG, FFG, or EFFG before apply."
,missing_model,528548a8-8ebe-40ea-a0da-48b2a238b5c8,Jota C151 Cerrahi Karbit Frez - Cerrahi Karbit,d8787d41-6602-4e90-b763-e9bcf0379f1f,2aed6839-2067-4a7b-9ace-43bceeff4743,,,,016,product_name.model|connection_type|diameter,missing_model,Add manufacturer_ref or product model code before SKU normalization.
,missing_model,d48da519-675f-4c1a-a167-fe70d5842b26,Jota C23R Alev / İnce Form Karbit Frez - Yuvarlatılmış Uçlu Karbit,7a79370b-30ec-4c43-a6dd-9895d61cc688,2db7594f-b57d-4fcc-b816-fabbe19754f8,,,FG,012,product_name.model|connection_type|diameter,missing_model,Add manufacturer_ref or product model code before SKU normalization.
,missing_holder,3ac2b979-a195-41a0-b6f7-2547fb884235,848 Konik Elmas Paketi Mavi,ee110770-f733-4663-8d6e-c214866be861,2f2cc412-3a69-4679-a219-7f76f4347364,,848,,,product_name.model|connection_type|diameter,missing_holder,"Confirm holder/shaft as FG, RA, HP, GFG, SGFG, FFG, or EFFG before apply."
,missing_model,c186005f-c85a-47f7-920b-db56081d8197,Zirkonyum Cilalama Paketi,940fe924-9fa3-491c-8fb0-01448e5d70bd,2fbb6da6-ac9a-40fb-9038-a5ad4b324e25,,,,,product_name.model|connection_type|diameter,missing_model,Add manufacturer_ref or product model code before SKU normalization.
,missing_holder,ae86ca37-7dc4-468b-8fb2-26d1dac443d3,833 Armut Elmas Frez Paketi,3cf85380-2ac2-4926-a98c-5fafa7c0926b,3746b29a-e23c-4d41-b0c6-00937d0c0018,,833,,,product_name.model|connection_type|diameter,missing_holder,"Confirm holder/shaft as FG, RA, HP, GFG, SGFG, FFG, or EFFG before apply."
,missing_holder,ae86ca37-7dc4-468b-8fb2-26d1dac443d3,833 Armut Elmas Frez Paketi,266964cf-936d-414d-b3a5-5f82d85b2181,37cddf9f-0efa-45c3-bbff-2f438434e977,,833,,,product_name.model|connection_type|diameter,missing_holder,"Confirm holder/shaft as FG, RA, HP, GFG, SGFG, FFG, or EFFG before apply."
,missing_model,d48da519-675f-4c1a-a167-fe70d5842b26,Jota C23R Alev / İnce Form Karbit Frez - Yuvarlatılmış Uçlu Karbit,a9f6225a-0ec0-4725-975d-5cf5421f68eb,3b9769a0-44cc-4aeb-89e9-a9f949b160e8,,,FG,012,product_name.model|connection_type|diameter,missing_model,Add manufacturer_ref or product model code before SKU normalization.
,missing_holder,5f6d8df3-8d7b-4917-a94f-b4763db8e067,859 Elmas Frez Paketi,a7fec029-bc01-40cf-87c3-6d1dd27646e1,3c33f347-b54c-44a4-9e85-97f5b7da1736,,859,,,product_name.model|connection_type|diameter,missing_holder,"Confirm holder/shaft as FG, RA, HP, GFG, SGFG, FFG, or EFFG before apply."
,missing_holder,754a7e0c-2110-4e31-b5c3-f1efe0d3aef9,852 Elmas Frez Paketi,0571e213-a594-450b-b8c6-5aa0dca74fcc,3e517ccd-3607-42cb-aa65-c5e06531058e,,852,,,product_name.model|connection_type|diameter,missing_holder,"Confirm holder/shaft as FG, RA, HP, GFG, SGFG, FFG, or EFFG before apply."
,missing_model,8e4f68f7-5851-44dd-9857-612e3439d392,Seramik Cilalama Paketi,6bdb17e0-31a6-4ef8-8e4a-b1a90da7ddb5,433231b1-587d-4c0f-874a-0a0859fa2bba,,,,,product_name.model|connection_type|diameter,missing_model,Add manufacturer_ref or product model code before SKU normalization.
,missing_holder,d0ac7f9a-7008-4006-bc55-a68ba4d80ce7,881 Genel Preparasyon Frez Paketi,d33a4d4f-84c5-446d-912e-cb027124f824,435ec843-d6d2-4bb3-a54c-8c4d7a4ce820,,881,,,product_name.model|connection_type|diameter,missing_holder,"Confirm holder/shaft as FG, RA, HP, GFG, SGFG, FFG, or EFFG before apply."
,missing_model,a23f5dfe-6b09-4c17-a3fe-96f35372024b,Jota Special Frez Paketi,f2489bfe-ba42-4895-87ea-bd4cf76d11d8,45da41f6-c399-4b12-a8a0-23d6b6bab51f,,,,,product_name.model|connection_type|diameter,missing_model,Add manufacturer_ref or product model code before SKU normalization.
,missing_model,80403c25-48a4-4012-bbfa-d2a5b71e7b61,Jota CQ1 Konik Karbit Frez - Konik Karbit,880d831f-f274-4251-9ee7-2c1d03efe666,4cd818c3-2f84-4120-8931-8e95e5276d0e,,,RA,018,product_name.model|connection_type|diameter,missing_model,Add manufacturer_ref or product model code before SKU normalization.
,missing_holder,1518e40b-6f8b-4046-ab35-0630116285ec,558 Silindirik Uzun Elmas Paketi,f052b65e-bccf-480d-a791-1b7de1d09569,4d8ef04b-75d7-4b4a-8b76-02476488767a,,558,,,product_name.model|connection_type|diameter,missing_holder,"Confirm holder/shaft as FG, RA, HP, GFG, SGFG, FFG, or EFFG before apply."
,missing_holder,4b8393d6-7ec8-4b00-afd6-74525390fd94,JOTA KIT 1541 — Basic Chairside Finishing & Polishing,7f9c1e3a-b6aa-4c23-be9a-6c077747c093,4e797f33-4a30-4f72-a5cd-f4ebd2f52e24,,1541,,,product_name.model|connection_type|diameter,missing_holder,"Confirm holder/shaft as FG, RA, HP, GFG, SGFG, FFG, or EFFG before apply."
,missing_holder,7c16ba53-a2d7-4450-9317-b58eed3da95f,837L Hızlı Preparasyon Frez Paketi,96b04ce4-62ef-4de0-ac26-50fb78e94898,4f427b03-7851-44f0-9000-6545851281dd,,837L,,,product_name.model|connection_type|diameter,missing_holder,"Confirm holder/shaft as FG, RA, HP, GFG, SGFG, FFG, or EFFG before apply."
,missing_model,bed4e8c4-9a3b-4416-a28b-9f7c7aa7fdb0,Jota LS9871M Lityum Disilikat Cilalama Ucu (Polisher) - Step 1,d5681a3d-a113-44f9-b61e-9232001004b3,5007644a-3659-47ee-bb01-bb16c22389b5,,,RA,040,product_name.model|connection_type|diameter,missing_model,Add manufacturer_ref or product model code before SKU normalization.
,missing_model,e8082824-6785-48a4-91da-724a59d14d10,Jota C2 Silindirik Karbit Frez - Silindirik Karbit,a6c3109a-c125-49a9-a186-0bbb153592a7,50f10e62-7a03-4e8b-9026-abb5a807d171,,,FG,012,product_name.model|connection_type|diameter,missing_model,Add manufacturer_ref or product model code before SKU normalization.
,missing_model,d8d14bdb-6b99-434f-911a-2b11f9368155,Karbit Frez Paketi,bd24c5d6-c9a9-4aab-9f43-18f9156bf934,55fd9822-77c3-4c67-b576-571d304ad493,,,,,product_name.model|connection_type|diameter,missing_model,Add manufacturer_ref or product model code before SKU normalization.
,missing_model,2e3c1517-a447-4df1-9acf-2bf9b24289f9,Jota C21 Silindirik Karbit Frez - Silindirik Karbit,a0a5dfe4-d832-4f1e-b170-14c059e8e5fa,562e73aa-eab4-4cba-b9ad-fb94d1d63ea9,,,FG,010,product_name.model|connection_type|diameter,missing_model,Add manufacturer_ref or product model code before SKU normalization.
,missing_holder,02681310-8169-48db-b223-b17a9b4589ab,868 Elmas Frez Paketi,c23cb24a-2cb4-4747-bc1b-9caaeebfcffc,566160dd-46f4-4ef6-ad86-4330703b1138,,868,,,product_name.model|connection_type|diameter,missing_holder,"Confirm holder/shaft as FG, RA, HP, GFG, SGFG, FFG, or EFFG before apply."
JOT-801-FG-008,duplicate_source_rows,7a8be6b1-917e-4507-9a0b-08042bfb124b,Jota 801 Elmas Frez - Mavi Kuşak (Standard) Yuvarlak (Round) Genel Preparasyon Frezi,9d172e33-8798-4146-b071-fb48e36a900d,5a1f73d9-a830-4082-95e2-3f6813ae0433,JOT-801-FG-008,801,FG,008,product_name.model|connection_type|diameter,duplicate_source_rows,"Likely duplicate imported variant rows with the same model, shaft, diameter, and product family; review source data before applying."
,missing_model,919743df-928d-49a8-9111-fa894c0cc968,Jota C244K Kesim Karbiti - Cerrahi Kesim Karbiti,26f54304-cfa9-4840-a553-9aa1e3ccbe0c,5b00dd37-2ddb-4a68-ac0f-2a96dd7f3bd8,,,FG,016,product_name.model|connection_type|diameter,missing_model,Add manufacturer_ref or product model code before SKU normalization.
,missing_holder,5f6d8df3-8d7b-4917-a94f-b4763db8e067,859 Elmas Frez Paketi,8c316579-98c7-49ae-a655-a48b85acd83f,5e47a048-8317-449c-8235-b89dac27888f,,859,,,product_name.model|connection_type|diameter,missing_holder,"Confirm holder/shaft as FG, RA, HP, GFG, SGFG, FFG, or EFFG before apply."
,missing_holder,f83e1d47-07c3-456c-b7de-8177953f716f,830 Alev Elmas Frez Paketi,8c8cc157-6fa1-496f-85e8-cafc1fad112f,62d9036c-c667-4883-96fa-672e7f5b39c9,,830,,,product_name.model|connection_type|diameter,missing_holder,"Confirm holder/shaft as FG, RA, HP, GFG, SGFG, FFG, or EFFG before apply."
JOT-859L-FG-012,seed_import_duplicate,c0e0bad7-7773-415f-8ca7-eff9a89245d3,Jota 859L Elmas Frez - Mavi Kuşak (Standard) Extra Uzun İğne Genel Preparasyon Frezi,1731abc0-669e-4d96-a313-cc111fd8473d,6429000a-2371-498d-8404-6d9bb192a49e,JOT-859L-FG-012,859L,FG,012,product_name.model|connection_type|diameter,seed_import_duplicate,Likely seed/import overlap or family collision; choose one canonical row or manually merge/retire duplicates before applying.
,missing_model,b3d6bec6-1a60-4a45-9217-90ba66afffe6,Jota C1S Yuvarlak Karbit Frez - Yuvarlak Karbit,f2765a48-c9dd-4656-b37f-837c72b18fa8,646e9d45-a204-42ca-9349-c99126958d57,,,RA,010,product_name.model|connection_type|diameter,missing_model,Add manufacturer_ref or product model code before SKU normalization.
,missing_model,c186005f-c85a-47f7-920b-db56081d8197,Zirkonyum Cilalama Paketi,7a5551bb-c075-4e6a-b92a-4f7a4705ef03,65533f26-ce8a-4ff7-b75e-78f8d8f6a217,,,,,product_name.model|connection_type|diameter,missing_model,Add manufacturer_ref or product model code before SKU normalization.
,missing_holder,f83e1d47-07c3-456c-b7de-8177953f716f,830 Alev Elmas Frez Paketi,cbcaa13c-d746-4e92-8a4b-7204e7ae437e,661db6b8-9e71-40d7-a2e0-2b17170219c5,,830,,,product_name.model|connection_type|diameter,missing_holder,"Confirm holder/shaft as FG, RA, HP, GFG, SGFG, FFG, or EFFG before apply."
,missing_holder,180c95d6-5e85-41ea-8710-6bb6bc95f597,Jota 801 Elmas Frez Paketi,64b99272-fd8e-48dc-9010-fb92a2a9b62c,66af6707-2c44-4a8f-ae2e-6eeb6486b6f2,,801,,,product_name.model|connection_type|diameter,missing_holder,"Confirm holder/shaft as FG, RA, HP, GFG, SGFG, FFG, or EFFG before apply."
,missing_model,a4695cdd-9021-4fae-9ca7-0ce5671402a8,Jota C1 Yuvarlak Karbit Frez - Yuvarlak Karbit,fc43f1b7-6c72-4fea-b4f0-d64528be6018,6769c853-67d9-42cc-8027-66c1ffeb60c5,,,FG,010,product_name.model|connection_type|diameter,missing_model,Add manufacturer_ref or product model code before SKU normalization.
,missing_model,4fd43bb4-0903-4d2c-8e1e-358465dda2d9,Jota CG35RS Kesim Karbiti - Kesim / Kron Ayırma Karbiti,9c316cdb-dccf-4677-9517-500399e9981e,68bb776a-7e76-4f25-a0cf-2a69fddada72,,,FG,012,product_name.model|connection_type|diameter,missing_model,Add manufacturer_ref or product model code before SKU normalization.
,missing_holder,5f6d8df3-8d7b-4917-a94f-b4763db8e067,859 Elmas Frez Paketi,345054cb-f477-424b-8091-800a37595661,69a8acc9-fe4f-4131-ac56-2924a835db2e,,859,,,product_name.model|connection_type|diameter,missing_holder,"Confirm holder/shaft as FG, RA, HP, GFG, SGFG, FFG, or EFFG before apply."
,missing_holder,d0ac7f9a-7008-4006-bc55-a68ba4d80ce7,881 Genel Preparasyon Frez Paketi,65b843d1-e01c-4742-9a51-ee93567ccd9c,6b429b0e-b464-4630-9367-e8fbfa56a679,,881,,,product_name.model|connection_type|diameter,missing_holder,"Confirm holder/shaft as FG, RA, HP, GFG, SGFG, FFG, or EFFG before apply."
,missing_model,a9c552ad-ca0e-4d45-af58-f3b8800b1a77,Jota C33 Konik Karbit Frez - Konik Karbit,f6a3f7db-bb53-4a6f-af8d-026b84bbdca0,73f5d184-2cd9-40f1-ae9b-8837cdf129e8,,,FG,010,product_name.model|connection_type|diameter,missing_model,Add manufacturer_ref or product model code before SKU normalization.
,missing_model,368503a8-4a9e-4b11-bfe5-b82228ffd3e0,C1S Karbit Frez Paketi,52e18af1-6a47-4ca0-b39f-984745f28672,763407c9-088d-4c8c-ab4e-ec1afdae5b66,,,,,product_name.model|connection_type|diameter,missing_model,Add manufacturer_ref or product model code before SKU normalization.
,missing_model,22379dfb-a50c-481c-9432-0e436d31c49d,CQ1 Karbit Frez Paketi (CROSS-CUT),761c43d6-2124-4e6d-852b-c391f8fca776,77646426-f43d-438f-afa1-888c4c77715a,,,,,product_name.model|connection_type|diameter,missing_model,Add manufacturer_ref or product model code before SKU normalization.
,missing_model,5989ef40-0bf8-4efb-b2d1-9a898bc8ca9b,C1 Karbit Frez Paketi,67b95a63-65ab-411f-a3af-bb510820c1c0,7a8fdac7-c25c-4cd9-9b61-625fab5c5be0,,,,,product_name.model|connection_type|diameter,missing_model,Add manufacturer_ref or product model code before SKU normalization.
,missing_model,cec9427d-2c36-4c5a-a1c3-098056ee9bcf,Kompozit Cilalama Paket,18a55b91-b72d-4a6f-a572-97bf1db27350,7c220372-9f05-4373-beee-4a0b674db0be,,,,,product_name.model|connection_type|diameter,missing_model,Add manufacturer_ref or product model code before SKU normalization.
,missing_holder,d90f6a0f-837a-42ef-96cc-e61037f16ec5,862 Elmas Frez Paketi,125be282-82be-4027-acd3-dde4d70bab73,7c956375-4daa-42e2-9773-ab97a103faab,,862,,,product_name.model|connection_type|diameter,missing_holder,"Confirm holder/shaft as FG, RA, HP, GFG, SGFG, FFG, or EFFG before apply."
,missing_model,a4695cdd-9021-4fae-9ca7-0ce5671402a8,Jota C1 Yuvarlak Karbit Frez - Yuvarlak Karbit,6233702a-0502-4fe6-a2c1-7b61e4200590,7ed0a12a-d94b-43a4-a0d6-dffccf784b62,,,FG,010,product_name.model|connection_type|diameter,missing_model,Add manufacturer_ref or product model code before SKU normalization.
,missing_model,96fd59eb-0cf1-41c3-ad67-b6a98234b666,Jota CX23R Finishing Karbit Frez - Finishing Karbit,1bae31d5-86f3-4c3c-bd2a-f665750162b2,81610f05-0a23-4ffe-8a5d-cb8919179f98,,,FG,012,product_name.model|connection_type|diameter,missing_model,Add manufacturer_ref or product model code before SKU normalization.
,missing_model,027faf48-a86d-4ba0-ba11-12d8d65c2f4a,Abrezif Cilalama Paketi,a889aeaa-b467-45dd-b8de-119ece1b2847,8169e138-58ad-4826-95cb-411e1c589f80,,,,,product_name.model|connection_type|diameter,missing_model,Add manufacturer_ref or product model code before SKU normalization.
,missing_model,a4695cdd-9021-4fae-9ca7-0ce5671402a8,Jota C1 Yuvarlak Karbit Frez - Yuvarlak Karbit,875950fe-edd4-4ae5-bc55-98c7bd09067f,82441c1c-d92d-44ad-a9b0-60722f5e04c7,,,FG,010,product_name.model|connection_type|diameter,missing_model,Add manufacturer_ref or product model code before SKU normalization.
,missing_holder,7c16ba53-a2d7-4450-9317-b58eed3da95f,837L Hızlı Preparasyon Frez Paketi,174fec26-df3d-4b50-b6e3-8bdc129cca99,83d4976a-9745-4f8e-8271-34160f6db4dd,,837L,,,product_name.model|connection_type|diameter,missing_holder,"Confirm holder/shaft as FG, RA, HP, GFG, SGFG, FFG, or EFFG before apply."
,missing_model,027faf48-a86d-4ba0-ba11-12d8d65c2f4a,Abrezif Cilalama Paketi,fb312a94-e3b4-4f91-afc6-30437da5a618,846b5265-8e68-4dde-8169-171057750fd1,,,,,product_name.model|connection_type|diameter,missing_model,Add manufacturer_ref or product model code before SKU normalization.
,missing_model,9788eb8e-8965-4b69-9380-48d2c0fdbe25,Jota RRC7 Finishing Karbit Frez - Finishing Karbit,ea116237-0b9a-4a7d-b03a-73fd0c59d961,84957717-9c44-4f2d-9e96-1c643aea3b8d,,,FG,008,product_name.model|connection_type|diameter,missing_model,Add manufacturer_ref or product model code before SKU normalization.
,missing_model,d8d14bdb-6b99-434f-911a-2b11f9368155,Karbit Frez Paketi,82b4ba2c-d89a-451a-a0a2-ca9de1be1407,867372b4-7b31-442e-82e1-afd8b1b7d554,,,,,product_name.model|connection_type|diameter,missing_model,Add manufacturer_ref or product model code before SKU normalization.
,missing_model,a4695cdd-9021-4fae-9ca7-0ce5671402a8,Jota C1 Yuvarlak Karbit Frez - Yuvarlak Karbit,476f0e58-ad03-4344-8b7a-4829104f362d,89640694-91a6-4ff2-a1bb-e9f2feba725a,,,FG,010,product_name.model|connection_type|diameter,missing_model,Add manufacturer_ref or product model code before SKU normalization.
,missing_holder,2f67f468-c0ff-4015-ab04-f17df5ea0284,801 L Paketi,55989d64-4722-4ccf-bb3d-3bf067cc1fdf,8b120bc6-a183-4e18-821d-b7378c4b41b7,,801,,,product_name.model|connection_type|diameter,missing_holder,"Confirm holder/shaft as FG, RA, HP, GFG, SGFG, FFG, or EFFG before apply."
,missing_model,2e3c1517-a447-4df1-9acf-2bf9b24289f9,Jota C21 Silindirik Karbit Frez - Silindirik Karbit,294cebd6-adb7-4c67-8469-bd36643aaa12,908b4952-7072-4957-ae42-9b6827526082,,,FG,012,product_name.model|connection_type|diameter,missing_model,Add manufacturer_ref or product model code before SKU normalization.
,missing_model,a4695cdd-9021-4fae-9ca7-0ce5671402a8,Jota C1 Yuvarlak Karbit Frez - Yuvarlak Karbit,b8641e8f-40ac-4c20-87e3-1a598375ed25,95909ebb-8317-45ac-84b7-fe78b42233db,,,FG,010,product_name.model|connection_type|diameter,missing_model,Add manufacturer_ref or product model code before SKU normalization.
,missing_holder,ae86ca37-7dc4-468b-8fb2-26d1dac443d3,833 Armut Elmas Frez Paketi,3caaffac-cb70-485a-b847-df84751fe86e,96964907-ae94-4ef5-a9b6-632d8756a3fa,,833,,,product_name.model|connection_type|diameter,missing_holder,"Confirm holder/shaft as FG, RA, HP, GFG, SGFG, FFG, or EFFG before apply."
,missing_model,c4742ca3-eea0-4308-b1d0-e6f022ef1d71,Universal Cilalama Paketi,92fe417d-08d8-42cb-8247-12ed7a132199,98096356-c6e2-42ca-bbf0-760b23c62d89,,,,,product_name.model|connection_type|diameter,missing_model,Add manufacturer_ref or product model code before SKU normalization.
,missing_model,0fe13b19-451b-4ea2-b2ed-c6079bea3496,Jota C31 Silindirik Karbit Frez - Silindirik İnce Karbit,21a2c709-e7a0-422c-83b8-b015a840c9f2,9bf46383-3ef6-4cc5-938b-f8361b300fb0,,,FG,010,product_name.model|connection_type|diameter,missing_model,Add manufacturer_ref or product model code before SKU normalization.
,missing_holder,d08a7379-7c87-45a3-b174-1ab25966ffca,835 Elmas Paketi,90d978fa-7fff-47a9-a441-94e09237e291,9da0ef0c-d9c6-4ca3-bb96-4272a08c01bf,,835,,,product_name.model|connection_type|diameter,missing_holder,"Confirm holder/shaft as FG, RA, HP, GFG, SGFG, FFG, or EFFG before apply."
,missing_model,030c0e1a-81bc-4a9f-8a8a-1eec5870d257,Jota C379 Silindirik Karbit Frez - Düz Kesim Karbit,915956f2-a53e-4ee7-8c84-c216632c3e22,a6223e60-4a80-40de-93f6-d13874a1ae96,,,FG,018,product_name.model|connection_type|diameter,missing_model,Add manufacturer_ref or product model code before SKU normalization.
,missing_holder,180c95d6-5e85-41ea-8710-6bb6bc95f597,Jota 801 Elmas Frez Paketi,37f9ee41-6977-46ad-a3ec-0b5519a9eb41,af3a17c6-3ea7-4355-8277-a968ff36ce3f,,801,,,product_name.model|connection_type|diameter,missing_holder,"Confirm holder/shaft as FG, RA, HP, GFG, SGFG, FFG, or EFFG before apply."
,missing_holder,9ae8aa84-c910-4a14-b39a-93a339d9bffa,850 Elmas Frez Paketi,335e9355-df58-4097-a265-da5c22bdffbd,af3e6936-1810-4faf-88af-6ce14ba3d93d,,850,,,product_name.model|connection_type|diameter,missing_holder,"Confirm holder/shaft as FG, RA, HP, GFG, SGFG, FFG, or EFFG before apply."
,missing_holder,d90f6a0f-837a-42ef-96cc-e61037f16ec5,862 Elmas Frez Paketi,84c56bca-57ac-4cdf-8e47-7353fc9fff67,af4a1594-b38e-48fb-b812-321c7c14a177,,862,,,product_name.model|connection_type|diameter,missing_holder,"Confirm holder/shaft as FG, RA, HP, GFG, SGFG, FFG, or EFFG before apply."
,missing_holder,9ae8aa84-c910-4a14-b39a-93a339d9bffa,850 Elmas Frez Paketi,093fe162-7669-458c-aeeb-5e2e919c2514,b2fd5052-1fa4-4566-bdf8-87ff49526843,,850,,,product_name.model|connection_type|diameter,missing_holder,"Confirm holder/shaft as FG, RA, HP, GFG, SGFG, FFG, or EFFG before apply."
,missing_model,a98dc42b-5fc3-4469-9a9d-3236471bbd5f,Jota SD661F Diamond Stone Seramik Ayar Taşı,2b241fcb-0014-4579-a987-137d6e3d5cbc,b5f07714-6068-4a80-822c-bb8ccd062c6e,,,RA,025,product_name.model|connection_type|diameter,missing_model,Add manufacturer_ref or product model code before SKU normalization.
,missing_model,f35e7a73-46df-4875-849f-862ce565f707,Jota LS9873M Lityum Disilikat Cilalama Ucu (Polisher) - Step 1,822292f6-4292-40f1-8143-fc6d8d9ebbaf,b9d6e6e7-a3d9-42dd-a39e-5cee1b839fc8,,,RA,014,product_name.model|connection_type|diameter,missing_model,Add manufacturer_ref or product model code before SKU normalization.
,missing_model,ab9a714c-409b-45a5-b9f1-63955334be95,Jota C31R Silindirik Karbit Frez - Yuvarlatılmış Uçlu Silindirik Karbit,6847032f-76f7-47af-8aee-a782ad0851a3,bc29bb1b-5549-448d-ba38-c92e9548cd13,,,FG,012,product_name.model|connection_type|diameter,missing_model,Add manufacturer_ref or product model code before SKU normalization.
,missing_model,a4695cdd-9021-4fae-9ca7-0ce5671402a8,Jota C1 Yuvarlak Karbit Frez - Yuvarlak Karbit,82fbab52-6086-4e31-a700-5ba6b81573e5,bc8c6504-621a-4fd0-b3f7-8a61df006ac5,,,FG,010,product_name.model|connection_type|diameter,missing_model,Add manufacturer_ref or product model code before SKU normalization.
,missing_holder,5f6d8df3-8d7b-4917-a94f-b4763db8e067,859 Elmas Frez Paketi,9714dddf-19c5-4d23-aada-4d1d8a27bfb5,bed02ca6-6a56-4806-a362-a380db517f1d,,859,,,product_name.model|connection_type|diameter,missing_holder,"Confirm holder/shaft as FG, RA, HP, GFG, SGFG, FFG, or EFFG before apply."
,missing_model,027faf48-a86d-4ba0-ba11-12d8d65c2f4a,Abrezif Cilalama Paketi,1f7a8b40-6dab-4892-b737-0336d291fa36,c463d06a-aeec-4adb-a817-798ff3d191e1,,,,,product_name.model|connection_type|diameter,missing_model,Add manufacturer_ref or product model code before SKU normalization.
,missing_model,8d53e6ee-697d-4560-9edc-acdc14208d73,Jota C7 Alev / İnce Form Karbit Frez - Alev Karbit,8ddd13b7-f5ee-4941-b167-a22ab1b337b4,c5518321-a807-4323-84b4-cfe669ebdbfc,,,FG,010,product_name.model|connection_type|diameter,missing_model,Add manufacturer_ref or product model code before SKU normalization.
,missing_model,e8082824-6785-48a4-91da-724a59d14d10,Jota C2 Silindirik Karbit Frez - Silindirik Karbit,b17b58f5-8428-4862-8c78-af0cf64e2174,c8a152a6-ecd3-4377-8d88-dfab40b83ff7,,,FG,014,product_name.model|connection_type|diameter,missing_model,Add manufacturer_ref or product model code before SKU normalization.
,missing_model,348f3139-98cf-4d1f-8dcc-c2e1b151f456,Jota Essential II Frez Seti,45b3f52a-a675-4a81-827f-4450cfeb2868,cb3384cf-731a-42a3-9f6a-9b439cd1d5c7,,,FG,016,product_name.model|connection_type|diameter,missing_model,Add manufacturer_ref or product model code before SKU normalization.
,missing_model,8bdc45ac-c7a6-4ace-962f-d3229721db22,Jota GP662 Glaze Prep Zirkonya & Seramik Ayar Frezi,caa8a0b7-dcfc-4afa-a6b8-d9446f3ab8e1,ccc3df0a-8f9a-4818-9c04-c84b11d85a41,,,RA,035,product_name.model|connection_type|diameter,missing_model,Add manufacturer_ref or product model code before SKU normalization.
,missing_model,0cf02ab9-b2c6-41b2-9075-8134b5b972d0,Jota C31A Finishing Karbit Frez - Finishing Karbit,0d52ceff-0fce-453e-bfb2-46fc5610a4eb,ccda2ce1-145a-45b6-aad5-06241a955848,,,FG,012,product_name.model|connection_type|diameter,missing_model,Add manufacturer_ref or product model code before SKU normalization.
,missing_model,c49a20c1-99c6-452a-afae-8ab274b228d4,Jota RRC31R Finishing Karbit Frez - Finishing Karbit,176608c6-ccb5-49e1-8411-a41a608d9c59,ced53525-9b22-4a89-b914-05acf0b9196c,,,FG,012,product_name.model|connection_type|diameter,missing_model,Add manufacturer_ref or product model code before SKU normalization.
,missing_model,0bda49f5-5cac-4a62-a426-b2554c021853,Cerrahi Frez Paketi,9151281e-101f-4075-88d5-86bbb66c28d3,cef0e253-3d9a-4eb0-92b7-824a48c8ee73,,,,,product_name.model|connection_type|diameter,missing_model,Add manufacturer_ref or product model code before SKU normalization.
JOT-801-FG-014,duplicate_source_rows,7a8be6b1-917e-4507-9a0b-08042bfb124b,Jota 801 Elmas Frez - Mavi Kuşak (Standard) Yuvarlak (Round) Genel Preparasyon Frezi,f94786d2-6ea6-41bb-9883-c26a0a58ee4b,d03dd80c-2b5d-4897-b6ef-85a7427e3e0f,JOT-801-FG-014,801,FG,014,product_name.model|connection_type|diameter,duplicate_source_rows,"Likely duplicate imported variant rows with the same model, shaft, diameter, and product family; review source data before applying."
,missing_model,22fe2d87-acbe-4503-9015-1d6ce57a60ee,Lityum Disilikat Cilalama Paketi,498147a4-b8c9-42bd-aa39-a320e26e831d,d1537417-f3b6-4203-b846-5f7c07e8edd7,,,,,product_name.model|connection_type|diameter,missing_model,Add manufacturer_ref or product model code before SKU normalization.
,missing_model,8e4f68f7-5851-44dd-9857-612e3439d392,Seramik Cilalama Paketi,bf7567e2-5487-4720-a82b-281590860262,d61ac0b8-aca7-45ac-b980-b9986a037701,,,,,product_name.model|connection_type|diameter,missing_model,Add manufacturer_ref or product model code before SKU normalization.
,missing_model,288886f3-f2e3-4f91-8d00-8daec7ce5288,Metal Cilalama Paket,e4826851-8a5d-443d-acc8-ab18947fff90,d99b3f4e-7ddb-4b1f-80de-c1da7ac985ff,,,,,product_name.model|connection_type|diameter,missing_model,Add manufacturer_ref or product model code before SKU normalization.
,missing_holder,9ae8aa84-c910-4a14-b39a-93a339d9bffa,850 Elmas Frez Paketi,d04c2603-dcc7-44ea-a301-0e31f7b7bd56,dd00aa18-8afe-4785-98a4-f3ff10bc0d30,,850,,,product_name.model|connection_type|diameter,missing_holder,"Confirm holder/shaft as FG, RA, HP, GFG, SGFG, FFG, or EFFG before apply."
,missing_holder,2f67f468-c0ff-4015-ab04-f17df5ea0284,801 L Paketi,495cf3b1-2f10-48f8-9ed6-1695635a6602,de5bf2a0-46bb-4d93-8423-f788cc20b2b6,,801,,,product_name.model|connection_type|diameter,missing_holder,"Confirm holder/shaft as FG, RA, HP, GFG, SGFG, FFG, or EFFG before apply."
,missing_holder,5f6d8df3-8d7b-4917-a94f-b4763db8e067,859 Elmas Frez Paketi,52966ebb-e21a-48dc-9332-6ed926539416,dedd1a9d-705a-48a2-87e1-b5ec636adacd,,859,,,product_name.model|connection_type|diameter,missing_holder,"Confirm holder/shaft as FG, RA, HP, GFG, SGFG, FFG, or EFFG before apply."
,missing_model,4a9ea7e8-fe2b-4e0e-8036-59c5db84d189,Jota CQ1L Konik Karbit Frez - Uzun Konik Karbit,7f3fa55d-6865-4c40-bc8a-9a8d042b0dab,e1c20906-fb90-4412-8ba2-2507b7def272,,,RA,018,product_name.model|connection_type|diameter,missing_model,Add manufacturer_ref or product model code before SKU normalization.
JOT-801-FG-008,duplicate_source_rows,7a8be6b1-917e-4507-9a0b-08042bfb124b,Jota 801 Elmas Frez - Mavi Kuşak (Standard) Yuvarlak (Round) Genel Preparasyon Frezi,b7e9c8e8-9ce6-4a28-91e3-5fef5c3c1671,e30455b1-1090-49ba-a9a6-b29179ca3160,JOT-801-FG-008,801,FG,008,product_name.model|connection_type|diameter,duplicate_source_rows,"Likely duplicate imported variant rows with the same model, shaft, diameter, and product family; review source data before applying."
,missing_model,22fe2d87-acbe-4503-9015-1d6ce57a60ee,Lityum Disilikat Cilalama Paketi,440f2da2-5e06-4a77-bd6a-807335430a0a,e3ee9421-c645-4dd0-a31a-8167ab5be23f,,,,,product_name.model|connection_type|diameter,missing_model,Add manufacturer_ref or product model code before SKU normalization.
,missing_model,abe7db62-d2b1-4f34-bf95-c0fe60b4db1c,Zirkonyum Elmas Frez Paketi,f2f0e854-8d76-4241-a454-ba301227dbd9,e5091e45-2072-4813-8fc2-5a6081be1a35,,,,,product_name.model|connection_type|diameter,missing_model,Add manufacturer_ref or product model code before SKU normalization.
,missing_model,c7f5cc1e-614b-4553-a75a-47a2a61383fb,Metal Kesim Frez Paketi (CROWN CUTTERS),6d67d46d-87a1-453b-aef8-2c117b520bd9,e52d8d5e-1b2b-40f2-a9ed-9c680147523c,,,,,product_name.model|connection_type|diameter,missing_model,Add manufacturer_ref or product model code before SKU normalization.
,missing_holder,02681310-8169-48db-b223-b17a9b4589ab,868 Elmas Frez Paketi,b05f0489-f90c-42bf-9d5d-c9d55e96bf15,e589ba51-5d27-432c-b920-59a2f585c028,,868,,,product_name.model|connection_type|diameter,missing_holder,"Confirm holder/shaft as FG, RA, HP, GFG, SGFG, FFG, or EFFG before apply."
,missing_model,b3d6bec6-1a60-4a45-9217-90ba66afffe6,Jota C1S Yuvarlak Karbit Frez - Yuvarlak Karbit,a52c65ed-d993-4706-8e54-361fb413d876,e742f32f-7cd4-4d8e-ac93-8a442b002117,,,RA,010,product_name.model|connection_type|diameter,missing_model,Add manufacturer_ref or product model code before SKU normalization.
,missing_model,80403c25-48a4-4012-bbfa-d2a5b71e7b61,Jota CQ1 Konik Karbit Frez - Konik Karbit,5805f959-c0e8-446d-9a5b-f3f1ebfc64af,e7f4ff58-1c79-4604-bf67-7ed91ea3ab4f,,,RA,016,product_name.model|connection_type|diameter,missing_model,Add manufacturer_ref or product model code before SKU normalization.
,missing_model,4a9ea7e8-fe2b-4e0e-8036-59c5db84d189,Jota CQ1L Konik Karbit Frez - Uzun Konik Karbit,cd230f72-ead2-4126-9855-9c53f395ddd9,e85a49ec-0cc3-42a9-bec0-5f2f28117044,,,RA,016,product_name.model|connection_type|diameter,missing_model,Add manufacturer_ref or product model code before SKU normalization.
,missing_model,a4b0cb47-048e-4b71-a487-6cec880a733c,Jota C48L Alev / İnce Form Karbit Frez - Uzun İnce Karbit,1ef88515-f003-43bd-ad75-b3b5b7d90439,eaf70ee5-8852-4d65-9187-07858911662b,,,FG,012,product_name.model|connection_type|diameter,missing_model,Add manufacturer_ref or product model code before SKU normalization.
,missing_model,b3d6bec6-1a60-4a45-9217-90ba66afffe6,Jota C1S Yuvarlak Karbit Frez - Yuvarlak Karbit,a2a94f49-0a48-48c6-9a41-2a9e4e9185a4,ebd47ed6-1f11-4013-9949-ae65ff77c532,,,RA,010,product_name.model|connection_type|diameter,missing_model,Add manufacturer_ref or product model code before SKU normalization.
,missing_model,37236356-e248-454c-9364-dfc93c101e41,Jota LS9873F Lityum Disilikat Cilalama Ucu (Polisher) - Step 2,eb14f066-6578-42a6-b5d7-6bf62afb20e7,ed2152c4-fe71-40d6-a3f4-0cae0d7df9f9,,,RA,014,product_name.model|connection_type|diameter,missing_model,Add manufacturer_ref or product model code before SKU normalization.
,missing_holder,ae86ca37-7dc4-468b-8fb2-26d1dac443d3,833 Armut Elmas Frez Paketi,6b936d57-afd1-4929-b48c-49b46e84d8bc,ed6afe93-b9bf-41b5-a8fe-a02ef25203e0,,833,,,product_name.model|connection_type|diameter,missing_holder,"Confirm holder/shaft as FG, RA, HP, GFG, SGFG, FFG, or EFFG before apply."
JOT-801-FG-008,duplicate_source_rows,7a8be6b1-917e-4507-9a0b-08042bfb124b,Jota 801 Elmas Frez - Mavi Kuşak (Standard) Yuvarlak (Round) Genel Preparasyon Frezi,5ebe090b-b3c0-4664-8492-88a1ec5ea8da,eea23e94-fe62-4226-97d6-e95ed2c20b00,JOT-801-FG-008,801,FG,008,product_name.model|connection_type|diameter,duplicate_source_rows,"Likely duplicate imported variant rows with the same model, shaft, diameter, and product family; review source data before applying."
,missing_model,bae69385-4c8c-46c8-98b7-c08eca26bdca,Jota LS9871F Lityum Disilikat Cilalama Ucu (Polisher) - Step 2,aba16b6d-b488-479f-aff3-09fbf30aea43,efe81e13-69a7-4a0c-b0b4-98b8816e3dcc,,,RA,040,product_name.model|connection_type|diameter,missing_model,Add manufacturer_ref or product model code before SKU normalization.
,missing_model,d8d14bdb-6b99-434f-911a-2b11f9368155,Karbit Frez Paketi,a1f81375-2738-40c5-b413-74020260241f,f35dd761-279e-4a38-9614-44277eb3a12c,,,,,product_name.model|connection_type|diameter,missing_model,Add manufacturer_ref or product model code before SKU normalization.
,missing_holder,f83e1d47-07c3-456c-b7de-8177953f716f,830 Alev Elmas Frez Paketi,eead6813-3fed-458d-8d32-e4d90d7e7b8a,f94bbad1-f913-47e2-88dc-ddc370b1a76a,,830,,,product_name.model|connection_type|diameter,missing_holder,"Confirm holder/shaft as FG, RA, HP, GFG, SGFG, FFG, or EFFG before apply."
,missing_model,b3d6bec6-1a60-4a45-9217-90ba66afffe6,Jota C1S Yuvarlak Karbit Frez - Yuvarlak Karbit,a4d89bb8-c4dc-4f2d-bc7f-3b883ba43f3e,fa0dc0ee-056e-49f9-a947-33d03d66d055,,,RA,010,product_name.model|connection_type|diameter,missing_model,Add manufacturer_ref or product model code before SKU normalization.
,missing_model,e95844b7-64c5-49f0-97b2-7360236bfbd8,Jota CX21 Finishing Karbit Frez - Finishing Karbit,b05dbc49-5358-4d4f-9a7b-c490acf40051,fd1d9e62-c1bd-4641-9e53-4784b4421ac6,,,FG,012,product_name.model|connection_type|diameter,missing_model,Add manufacturer_ref or product model code before SKU normalization.
JOT-138-FG-007,already_normalized,599a9a44-30f0-4252-8b09-07198279e773,Jota 138 Elmas Frez - Mavi Kuşak (Standard) Mikro Yuvarlak Genel Preparasyon Frezi,559ba98c-e0fd-46a0-ae41-ec7bc3d59d86,JOT-138-FG-007,JOT-138-FG-007,138,FG,007,product_name.model|connection_type|diameter,already_normalized,No action needed.
JOT-558-FFG-013,already_normalized,0da0e71a-9791-4c9a-953f-55960f7e8d99,Jota 558F Elmas Frez - Kırmızı Kuşak (İnce) Silindirik Uzun Finishing Frezi,7bafaae5-92eb-4475-88d8-33e99842f775,JOT-558-FFG-013,JOT-558-FFG-013,558,FFG,013,product_name.model|connection_type|diameter,already_normalized,No action needed.
JOT-558-FFG-015,already_normalized,0da0e71a-9791-4c9a-953f-55960f7e8d99,Jota 558F Elmas Frez - Kırmızı Kuşak (İnce) Silindirik Uzun Finishing Frezi,43c5b2bc-a425-4d5b-a274-17a830a0e5be,JOT-558-FFG-015,JOT-558-FFG-015,558,FFG,015,product_name.model|connection_type|diameter,already_normalized,No action needed.
JOT-558-FG-013,already_normalized,bd26cf76-7321-4889-93bb-d4d7cbdda81f,Jota 558 Elmas Frez - Mavi Kuşak (Standard) Silindirik Uzun Genel Preparasyon Frezi,8c9e360d-b7e5-405f-8903-b650da6062fb,JOT-558-FG-013,JOT-558-FG-013,558,FG,013,product_name.model|connection_type|diameter,already_normalized,No action needed.
JOT-558-FG-015,already_normalized,bd26cf76-7321-4889-93bb-d4d7cbdda81f,Jota 558 Elmas Frez - Mavi Kuşak (Standard) Silindirik Uzun Genel Preparasyon Frezi,2e88e9f5-a7b5-4d4b-98b5-3faffabf74ef,JOT-558-FG-015,JOT-558-FG-015,558,FG,015,product_name.model|connection_type|diameter,already_normalized,No action needed.
JOT-601-FG-030,already_normalized,32907d58-3393-4f01-bc51-9c1a065df163,Jota 601 Arkansas Ön Polisaj Frezi,d9baa2e4-cd47-44b4-ab54-29a27625d062,JOT-601-FG-030,JOT-601-FG-030,601,FG,030,product_name.model|connection_type|diameter,already_normalized,No action needed.
JOT-6198-FG-023,already_normalized,97015eb2-cb7e-4e18-8f00-81fb99071cc0,Jota 6198 Arkansas Ön Polisaj Frezi,26cc92a2-c7cd-47d5-a75c-2b30d644cdfc,JOT-6198-FG-023,JOT-6198-FG-023,6198,FG,023,product_name.model|connection_type|diameter,already_normalized,No action needed.
JOT-645-FG-028,already_normalized,38d9fd53-0d40-407c-a331-fac38f98dce0,Jota 645 Arkansas Ön Polisaj Frezi,4b656bd4-44e2-4320-abe0-e92306a7494d,JOT-645-FG-028,JOT-645-FG-028,645,FG,028,product_name.model|connection_type|diameter,already_normalized,No action needed.
JOT-661-FG-025,already_normalized,f5329f42-9651-4e3e-bd56-a89af66cd7f1,Jota 661 Arkansas Ön Polisaj Frezi,da80deb2-5e61-4373-95b0-121b1ab43d39,JOT-661-FG-025,JOT-661-FG-025,661,FG,025,product_name.model|connection_type|diameter,already_normalized,No action needed.
JOT-666-FG-025,already_normalized,c37346f7-b22c-4b02-a53d-3bb1b13ca8cd,Jota 666 Arkansas Ön Polisaj Frezi,64372a8c-1c25-415f-b793-22e2683d5420,JOT-666-FG-025,JOT-666-FG-025,666,FG,025,product_name.model|connection_type|diameter,already_normalized,No action needed.
JOT-801-FG-010,already_normalized,7a8be6b1-917e-4507-9a0b-08042bfb124b,Jota 801 Elmas Frez - Mavi Kuşak (Standard) Yuvarlak (Round) Genel Preparasyon Frezi,61c8c7dc-5be6-438f-9c3e-843b0102be89,JOT-801-FG-010,JOT-801-FG-010,801,FG,010,product_name.model|connection_type|diameter,already_normalized,No action needed.
JOT-801-FG-012,already_normalized,7a8be6b1-917e-4507-9a0b-08042bfb124b,Jota 801 Elmas Frez - Mavi Kuşak (Standard) Yuvarlak (Round) Genel Preparasyon Frezi,84174782-7f9f-434d-9025-c4590d6015a8,JOT-801-FG-012,JOT-801-FG-012,801,FG,012,product_name.model|connection_type|diameter,already_normalized,No action needed.
JOT-801-FG-014,already_normalized,7a8be6b1-917e-4507-9a0b-08042bfb124b,Jota 801 Elmas Frez - Mavi Kuşak (Standard) Yuvarlak (Round) Genel Preparasyon Frezi,6de88c6c-f677-4f10-b776-502221adfa73,JOT-801-FG-014,JOT-801-FG-014,801,FG,014,product_name.model|connection_type|diameter,already_normalized,No action needed.
JOT-801-FG-016,already_normalized,7a8be6b1-917e-4507-9a0b-08042bfb124b,Jota 801 Elmas Frez - Mavi Kuşak (Standard) Yuvarlak (Round) Genel Preparasyon Frezi,50c7c98c-dc91-49f4-945b-c260491425de,JOT-801-FG-016,JOT-801-FG-016,801,FG,016,product_name.model|connection_type|diameter,already_normalized,No action needed.
JOT-801-FG-018,already_normalized,7a8be6b1-917e-4507-9a0b-08042bfb124b,Jota 801 Elmas Frez - Mavi Kuşak (Standard) Yuvarlak (Round) Genel Preparasyon Frezi,881ff9d5-2955-429d-b50e-8c1bdb44e157,JOT-801-FG-018,JOT-801-FG-018,801,FG,018,product_name.model|connection_type|diameter,already_normalized,No action needed.
JOT-801-FG-023,already_normalized,7a8be6b1-917e-4507-9a0b-08042bfb124b,Jota 801 Elmas Frez - Mavi Kuşak (Standard) Yuvarlak (Round) Genel Preparasyon Frezi,a1b44da9-2c40-4652-9874-dfe571b18a72,JOT-801-FG-023,JOT-801-FG-023,801,FG,023,product_name.model|connection_type|diameter,already_normalized,No action needed.
JOT-801-GFG-010,already_normalized,094e4712-586e-4d64-affc-451bc2ca9a1f,Jota 801G Elmas Frez - Yeşil Kuşak (Kaba) Yuvarlak (Round) Hızlı Preparasyon Frezi,02f64484-65b0-446a-81d7-57e23ca57da0,JOT-801-GFG-010,JOT-801-GFG-010,801,GFG,010,product_name.model|connection_type|diameter,already_normalized,No action needed.
JOT-801-GFG-012,already_normalized,094e4712-586e-4d64-affc-451bc2ca9a1f,Jota 801G Elmas Frez - Yeşil Kuşak (Kaba) Yuvarlak (Round) Hızlı Preparasyon Frezi,2b819826-c25a-49f2-b555-26f29f276dc6,JOT-801-GFG-012,JOT-801-GFG-012,801,GFG,012,product_name.model|connection_type|diameter,already_normalized,No action needed.
JOT-801-GFG-014,already_normalized,094e4712-586e-4d64-affc-451bc2ca9a1f,Jota 801G Elmas Frez - Yeşil Kuşak (Kaba) Yuvarlak (Round) Hızlı Preparasyon Frezi,d4276260-3552-41a5-b04f-f222b2f347ed,JOT-801-GFG-014,JOT-801-GFG-014,801,GFG,014,product_name.model|connection_type|diameter,already_normalized,No action needed.
JOT-801-GFG-016,already_normalized,094e4712-586e-4d64-affc-451bc2ca9a1f,Jota 801G Elmas Frez - Yeşil Kuşak (Kaba) Yuvarlak (Round) Hızlı Preparasyon Frezi,638dceac-0c51-481b-a97a-abbb25b793b9,JOT-801-GFG-016,JOT-801-GFG-016,801,GFG,016,product_name.model|connection_type|diameter,already_normalized,No action needed.
JOT-801-GFG-018,already_normalized,094e4712-586e-4d64-affc-451bc2ca9a1f,Jota 801G Elmas Frez - Yeşil Kuşak (Kaba) Yuvarlak (Round) Hızlı Preparasyon Frezi,0d2d83d5-1d05-479f-aef6-7c667669b497,JOT-801-GFG-018,JOT-801-GFG-018,801,GFG,018,product_name.model|connection_type|diameter,already_normalized,No action needed.
JOT-801-GFG-021,already_normalized,094e4712-586e-4d64-affc-451bc2ca9a1f,Jota 801G Elmas Frez - Yeşil Kuşak (Kaba) Yuvarlak (Round) Hızlı Preparasyon Frezi,d923b144-d273-4fb8-8e5b-9df817ee7bf9,JOT-801-GFG-021,JOT-801-GFG-021,801,GFG,021,product_name.model|connection_type|diameter,already_normalized,No action needed.
JOT-801-GFG-023,already_normalized,094e4712-586e-4d64-affc-451bc2ca9a1f,Jota 801G Elmas Frez - Yeşil Kuşak (Kaba) Yuvarlak (Round) Hızlı Preparasyon Frezi,71d17829-907a-41c6-bc68-a4be172484a0,JOT-801-GFG-023,JOT-801-GFG-023,801,GFG,023,product_name.model|connection_type|diameter,already_normalized,No action needed.
JOT-801-SGFG-014,already_normalized,505c6780-c3ed-4582-8daf-83779de86c74,Jota 801SG Elmas Frez - Siyah Kuşak (Süper Kaba) Yuvarlak (Round) Agresif Preparasyon Frezi,33b8fc2b-8779-4178-b883-91a4f20ac6ab,JOT-801-SGFG-014,JOT-801-SGFG-014,801,SGFG,014,product_name.model|connection_type|diameter,already_normalized,No action needed.
JOT-801-SGFG-016,already_normalized,505c6780-c3ed-4582-8daf-83779de86c74,Jota 801SG Elmas Frez - Siyah Kuşak (Süper Kaba) Yuvarlak (Round) Agresif Preparasyon Frezi,a1e4503d-e0b8-4d89-a209-24a4971f8a71,JOT-801-SGFG-016,JOT-801-SGFG-016,801,SGFG,016,product_name.model|connection_type|diameter,already_normalized,No action needed.
JOT-801-SGFG-018,already_normalized,505c6780-c3ed-4582-8daf-83779de86c74,Jota 801SG Elmas Frez - Siyah Kuşak (Süper Kaba) Yuvarlak (Round) Agresif Preparasyon Frezi,e3f4fb0e-0942-4ffd-9c64-e1d2249e26bf,JOT-801-SGFG-018,JOT-801-SGFG-018,801,SGFG,018,product_name.model|connection_type|diameter,already_normalized,No action needed.
JOT-801-SGFG-021,already_normalized,505c6780-c3ed-4582-8daf-83779de86c74,Jota 801SG Elmas Frez - Siyah Kuşak (Süper Kaba) Yuvarlak (Round) Agresif Preparasyon Frezi,1f43bb08-9b6f-4929-add3-7fce2abb19d4,JOT-801-SGFG-021,JOT-801-SGFG-021,801,SGFG,021,product_name.model|connection_type|diameter,already_normalized,No action needed.
JOT-801L-FG-012,already_normalized,58415806-1f0a-4a2a-8da1-92329556676d,Jota 801L Elmas Frez - Mavi Kuşak (Standard) Uzun Boyunlu Yuvarlak (Long Neck Round) Genel Preparasyon Frezi,ed397f95-c0c2-46fb-b0df-062ff4a1d7cb,JOT-801L-FG-012,JOT-801L-FG-012,801L,FG,012,product_name.model|connection_type|diameter,already_normalized,No action needed.
JOT-801L-FG-014,already_normalized,58415806-1f0a-4a2a-8da1-92329556676d,Jota 801L Elmas Frez - Mavi Kuşak (Standard) Uzun Boyunlu Yuvarlak (Long Neck Round) Genel Preparasyon Frezi,27ec10cb-2d15-4629-9f35-bac2c011a87a,JOT-801L-FG-014,JOT-801L-FG-014,801L,FG,014,product_name.model|connection_type|diameter,already_normalized,No action needed.
JOT-801L-FG-016,already_normalized,58415806-1f0a-4a2a-8da1-92329556676d,Jota 801L Elmas Frez - Mavi Kuşak (Standard) Uzun Boyunlu Yuvarlak (Long Neck Round) Genel Preparasyon Frezi,c00f1588-f158-40f9-bea7-69cf45bfcac3,JOT-801L-FG-016,JOT-801L-FG-016,801L,FG,016,product_name.model|connection_type|diameter,already_normalized,No action needed.
JOT-801L-GFG-012,already_normalized,e5983f91-6d5c-415d-bf74-2795ece9e75d,Jota 801LG Elmas Frez - Yeşil Kuşak (Kaba) Uzun Boyunlu Yuvarlak (Long Neck Round) Hızlı Preparasyon Frezi,4fbf3d66-2a10-4402-ba9c-2c649ba9b35a,JOT-801L-GFG-012,JOT-801L-GFG-012,801L,GFG,012,product_name.model|connection_type|diameter,already_normalized,No action needed.
JOT-801L-GFG-014,already_normalized,e5983f91-6d5c-415d-bf74-2795ece9e75d,Jota 801LG Elmas Frez - Yeşil Kuşak (Kaba) Uzun Boyunlu Yuvarlak (Long Neck Round) Hızlı Preparasyon Frezi,f5b2737b-e66c-4667-b697-abd417dc1851,JOT-801L-GFG-014,JOT-801L-GFG-014,801L,GFG,014,product_name.model|connection_type|diameter,already_normalized,No action needed.
JOT-801L-GFG-016,already_normalized,e5983f91-6d5c-415d-bf74-2795ece9e75d,Jota 801LG Elmas Frez - Yeşil Kuşak (Kaba) Uzun Boyunlu Yuvarlak (Long Neck Round) Hızlı Preparasyon Frezi,5968109a-c65c-4290-ab6b-c3b663fbde9c,JOT-801L-GFG-016,JOT-801L-GFG-016,801L,GFG,016,product_name.model|connection_type|diameter,already_normalized,No action needed.
JOT-805-FG-010,already_normalized,add5bcfa-e618-43be-9d13-4013f4e4a69e,Jota 805 Elmas Frez - Mavi Kuşak (Standard) Ters Konik (Inverted Cone) Genel Preparasyon Frezi,9e6bf350-83b1-47d4-ac8a-e60859a1752b,JOT-805-FG-010,JOT-805-FG-010,805,FG,010,product_name.model|connection_type|diameter,already_normalized,No action needed.
JOT-805-FG-012,already_normalized,add5bcfa-e618-43be-9d13-4013f4e4a69e,Jota 805 Elmas Frez - Mavi Kuşak (Standard) Ters Konik (Inverted Cone) Genel Preparasyon Frezi,8b9e5c39-ca51-4f2b-854d-75b4a95c2c70,JOT-805-FG-012,JOT-805-FG-012,805,FG,012,product_name.model|connection_type|diameter,already_normalized,No action needed.
JOT-805-FG-014,already_normalized,add5bcfa-e618-43be-9d13-4013f4e4a69e,Jota 805 Elmas Frez - Mavi Kuşak (Standard) Ters Konik (Inverted Cone) Genel Preparasyon Frezi,55ab26e4-ed87-4df1-a02d-62f1698ada1f,JOT-805-FG-014,JOT-805-FG-014,805,FG,014,product_name.model|connection_type|diameter,already_normalized,No action needed.
JOT-805-FG-016,already_normalized,add5bcfa-e618-43be-9d13-4013f4e4a69e,Jota 805 Elmas Frez - Mavi Kuşak (Standard) Ters Konik (Inverted Cone) Genel Preparasyon Frezi,81d1e5ba-ecc9-4978-aeef-c951459010b8,JOT-805-FG-016,JOT-805-FG-016,805,FG,016,product_name.model|connection_type|diameter,already_normalized,No action needed.
JOT-808-FG-012,already_normalized,4919002b-9643-4fc5-8481-d9f4d181b8b4,Jota 808 Elmas Frez - Mavi Kuşak (Standard) Ters Konik (Inverted Cone) Genel Preparasyon Frezi,cf295e63-b70f-4637-8ebf-9f09023a2f27,JOT-808-FG-012,JOT-808-FG-012,808,FG,012,product_name.model|connection_type|diameter,already_normalized,No action needed.
JOT-820-FFG-016,already_normalized,6395d633-087d-4049-8651-2c0ea8080188,Jota 820F Elmas Frez - Kırmızı Kuşak (İnce) Tomurcuk / Fine Finishing Frezi,92454c1a-2276-4206-83cd-8ca38236dfcb,JOT-820-FFG-016,JOT-820-FFG-016,820,FFG,016,product_name.model|connection_type|diameter,already_normalized,No action needed.
JOT-830-EFFG-018,already_normalized,b8eefd24-be05-450d-ae81-4cbc02b8b732,Jota 830EF Elmas Frez - Sarı Extra İnce Alev (Flame) Elmas Frez,8b2d0c4c-c764-4284-972f-7f9b88882754,JOT-830-EFFG-018,JOT-830-EFFG-018,830,EFFG,018,product_name.model|connection_type|diameter,already_normalized,No action needed.
JOT-830-EFFG-021,already_normalized,b8eefd24-be05-450d-ae81-4cbc02b8b732,Jota 830EF Elmas Frez - Sarı Extra İnce Alev (Flame) Elmas Frez,e2c97b48-d936-4165-b65e-138025a56656,JOT-830-EFFG-021,JOT-830-EFFG-021,830,EFFG,021,product_name.model|connection_type|diameter,already_normalized,No action needed.
JOT-830-EFFG-023,already_normalized,b8eefd24-be05-450d-ae81-4cbc02b8b732,Jota 830EF Elmas Frez - Sarı Extra İnce Alev (Flame) Elmas Frez,a80c1aee-6371-4ffd-8e88-ae9d538cbd1e,JOT-830-EFFG-023,JOT-830-EFFG-023,830,EFFG,023,product_name.model|connection_type|diameter,already_normalized,No action needed.
JOT-830-FFG-018,already_normalized,c8f361f9-ee31-43a3-b592-a330b64e7335,Jota 830F Elmas Frez - Kırmızı Kuşak (İnce) Alev (Flame) Finishing Frezi,b5efee15-79eb-41fd-9a81-82ec5ea9b076,JOT-830-FFG-018,JOT-830-FFG-018,830,FFG,018,product_name.model|connection_type|diameter,already_normalized,No action needed.
JOT-830-FFG-021,already_normalized,c8f361f9-ee31-43a3-b592-a330b64e7335,Jota 830F Elmas Frez - Kırmızı Kuşak (İnce) Alev (Flame) Finishing Frezi,bb95af0b-3189-4b3e-b1e7-f3a7a985d533,JOT-830-FFG-021,JOT-830-FFG-021,830,FFG,021,product_name.model|connection_type|diameter,already_normalized,No action needed.
JOT-830-FFG-023,already_normalized,c8f361f9-ee31-43a3-b592-a330b64e7335,Jota 830F Elmas Frez - Kırmızı Kuşak (İnce) Alev (Flame) Finishing Frezi,6df848dc-bb3b-4605-a9a8-4bfb4daef929,JOT-830-FFG-023,JOT-830-FFG-023,830,FFG,023,product_name.model|connection_type|diameter,already_normalized,No action needed.
JOT-830-FG-018,already_normalized,8654fe35-13b5-4320-a408-e1062a1ee7a5,Jota 830 Elmas Frez - Mavi Kuşak (Standard) Alev (Flame) Genel Preparasyon Frezi,8cdcf42c-ece8-4c98-befd-96fb7d15d041,JOT-830-FG-018,JOT-830-FG-018,830,FG,018,product_name.model|connection_type|diameter,already_normalized,No action needed.
JOT-830-FG-021,already_normalized,8654fe35-13b5-4320-a408-e1062a1ee7a5,Jota 830 Elmas Frez - Mavi Kuşak (Standard) Alev (Flame) Genel Preparasyon Frezi,088eef84-a3cf-4af4-90ee-2d0b2cac4d22,JOT-830-FG-021,JOT-830-FG-021,830,FG,021,product_name.model|connection_type|diameter,already_normalized,No action needed.
JOT-830-FG-023,already_normalized,8654fe35-13b5-4320-a408-e1062a1ee7a5,Jota 830 Elmas Frez - Mavi Kuşak (Standard) Alev (Flame) Genel Preparasyon Frezi,05a14ef9-efc8-4a2d-89ae-60d4b3a1702d,JOT-830-FG-023,JOT-830-FG-023,830,FG,023,product_name.model|connection_type|diameter,already_normalized,No action needed.
JOT-830-GFG-016,already_normalized,302707c0-9627-45c3-a23a-c2e772112a03,Jota 830G Elmas Frez - Yeşil Kuşak (Kaba) Alev (Flame) Hızlı Preparasyon Frezi,50d6253b-a875-4a68-85c4-9c520c662e0f,JOT-830-GFG-016,JOT-830-GFG-016,830,GFG,016,product_name.model|connection_type|diameter,already_normalized,No action needed.
JOT-830-GFG-018,already_normalized,302707c0-9627-45c3-a23a-c2e772112a03,Jota 830G Elmas Frez - Yeşil Kuşak (Kaba) Alev (Flame) Hızlı Preparasyon Frezi,a7b33aab-409d-4e7e-bd17-014a0ffac95f,JOT-830-GFG-018,JOT-830-GFG-018,830,GFG,018,product_name.model|connection_type|diameter,already_normalized,No action needed.
JOT-830-GFG-023,already_normalized,302707c0-9627-45c3-a23a-c2e772112a03,Jota 830G Elmas Frez - Yeşil Kuşak (Kaba) Alev (Flame) Hızlı Preparasyon Frezi,55713219-a10c-4dab-9cec-b88ce96dbb73,JOT-830-GFG-023,JOT-830-GFG-023,830,GFG,023,product_name.model|connection_type|diameter,already_normalized,No action needed.
JOT-831-FFG-016,already_normalized,ed4e121e-afcc-464b-b384-538d42f98855,Jota 831F Elmas Frez - Kırmızı Kuşak (İnce) Alev / İnce Form Finishing Frezi,e1029d39-168c-456e-8236-2c9ece4f6f48,JOT-831-FFG-016,JOT-831-FFG-016,831,FFG,016,product_name.model|connection_type|diameter,already_normalized,No action needed.
JOT-833-EFFG-023,already_normalized,08fa8160-d80b-4e28-9df9-19ddfc787401,Jota 833EF Elmas Frez - Sarı Extra İnce Armut / Torpido Elmas Frez,24d66a59-3fa4-4b7a-93a5-b6df54e4825d,JOT-833-EFFG-023,JOT-833-EFFG-023,833,EFFG,023,product_name.model|connection_type|diameter,already_normalized,No action needed.
JOT-833-FFG-014,already_normalized,110fa8c4-2fba-4843-98e7-b3b065e7bc22,Jota 833F Elmas Frez - Kırmızı Kuşak (İnce) Armut / Torpido Finishing Frezi,de65d55b-c386-4f71-b7e5-a393b03eb898,JOT-833-FFG-014,JOT-833-FFG-014,833,FFG,014,product_name.model|connection_type|diameter,already_normalized,No action needed.
JOT-833-FFG-018,already_normalized,110fa8c4-2fba-4843-98e7-b3b065e7bc22,Jota 833F Elmas Frez - Kırmızı Kuşak (İnce) Armut / Torpido Finishing Frezi,25d7651c-a83d-49f7-8805-a1f2ce07749e,JOT-833-FFG-018,JOT-833-FFG-018,833,FFG,018,product_name.model|connection_type|diameter,already_normalized,No action needed.
JOT-833-FFG-023,already_normalized,110fa8c4-2fba-4843-98e7-b3b065e7bc22,Jota 833F Elmas Frez - Kırmızı Kuşak (İnce) Armut / Torpido Finishing Frezi,703aec1f-f387-44fa-9b30-69996d03edd7,JOT-833-FFG-023,JOT-833-FFG-023,833,FFG,023,product_name.model|connection_type|diameter,already_normalized,No action needed.
JOT-833-FG-023,already_normalized,777e38df-d3ee-41ca-9cf9-53f52e4993ac,Jota 833 Elmas Frez - Mavi Kuşak (Standard) Armut / Torpido Genel Preparasyon Frezi,abf66cea-94f0-4b93-815a-033ea6e89fd4,JOT-833-FG-023,JOT-833-FG-023,833,FG,023,product_name.model|connection_type|diameter,already_normalized,No action needed.
JOT-833-GFG-018,already_normalized,fb9e1d56-c036-4f05-8ea9-5433c8397491,Jota 833G Elmas Frez - Yeşil Kuşak (Kaba) Armut / Torpido Hızlı Preparasyon Frezi,e2483a51-9395-4fc6-875d-e31c0cf067b0,JOT-833-GFG-018,JOT-833-GFG-018,833,GFG,018,product_name.model|connection_type|diameter,already_normalized,No action needed.
JOT-833-GFG-023,already_normalized,fb9e1d56-c036-4f05-8ea9-5433c8397491,Jota 833G Elmas Frez - Yeşil Kuşak (Kaba) Armut / Torpido Hızlı Preparasyon Frezi,30e3e59b-ff6b-4358-80f5-f6d45b295117,JOT-833-GFG-023,JOT-833-GFG-023,833,GFG,023,product_name.model|connection_type|diameter,already_normalized,No action needed.
JOT-834-FG-016,already_normalized,dfbc8551-8357-426c-a03e-2485a0e48074,Jota 834 Elmas Frez - Mavi Kuşak (Lamine) Mikro Silindirik Genel Preparasyon Frezi,ec986d0a-ff6b-4220-b894-2579dd11718c,JOT-834-FG-016,JOT-834-FG-016,834,FG,016,product_name.model|connection_type|diameter,already_normalized,No action needed.
JOT-835-FG-008,already_normalized,c8d6df0a-d813-4b20-8af0-cad3d17e4241,Jota 835 Elmas Frez - Mavi Kuşak (Standard) Silindirik Genel Preparasyon Frezi,fc19a0f3-53e5-417f-b580-6b36e30919af,JOT-835-FG-008,JOT-835-FG-008,835,FG,008,product_name.model|connection_type|diameter,already_normalized,No action needed.
JOT-835-FG-010,already_normalized,c8d6df0a-d813-4b20-8af0-cad3d17e4241,Jota 835 Elmas Frez - Mavi Kuşak (Standard) Silindirik Genel Preparasyon Frezi,cb1fd637-7f2a-4914-8a5a-1004521c6dca,JOT-835-FG-010,JOT-835-FG-010,835,FG,010,product_name.model|connection_type|diameter,already_normalized,No action needed.
JOT-835-FG-012,already_normalized,c8d6df0a-d813-4b20-8af0-cad3d17e4241,Jota 835 Elmas Frez - Mavi Kuşak (Standard) Silindirik Genel Preparasyon Frezi,2475c547-3743-42d8-9620-b813b5e2d5ec,JOT-835-FG-012,JOT-835-FG-012,835,FG,012,product_name.model|connection_type|diameter,already_normalized,No action needed.
JOT-837D-FG-014,already_normalized,ae4e45da-c009-49f4-8468-dd8f1d94abc6,Jota 837D Elmas Frez - Mavi Kuşak (Standard) Disk Form Genel Preparasyon Frezi,35412154-4017-4460-972a-29eb341cb53b,JOT-837D-FG-014,JOT-837D-FG-014,837D,FG,014,product_name.model|connection_type|diameter,already_normalized,No action needed.
JOT-837L-FG-012,already_normalized,21ac9078-022f-4642-8152-4a0f2f7d63ad,Jota 837L Elmas Frez - Mavi Kuşak (Standard) Uzun Silindirik Genel Preparasyon Frezi,6ed86787-bbde-42fa-80a1-24ab5c3aa1df,JOT-837L-FG-012,JOT-837L-FG-012,837L,FG,012,product_name.model|connection_type|diameter,already_normalized,No action needed.
JOT-837L-FG-014,already_normalized,21ac9078-022f-4642-8152-4a0f2f7d63ad,Jota 837L Elmas Frez - Mavi Kuşak (Standard) Uzun Silindirik Genel Preparasyon Frezi,c156d243-be76-4be8-ad75-3d8fcb1ba3a6,JOT-837L-FG-014,JOT-837L-FG-014,837L,FG,014,product_name.model|connection_type|diameter,already_normalized,No action needed.
JOT-837L-FG-016,already_normalized,21ac9078-022f-4642-8152-4a0f2f7d63ad,Jota 837L Elmas Frez - Mavi Kuşak (Standard) Uzun Silindirik Genel Preparasyon Frezi,3ab62005-d239-46b5-8d28-c63c8253fb1c,JOT-837L-FG-016,JOT-837L-FG-016,837L,FG,016,product_name.model|connection_type|diameter,already_normalized,No action needed.
JOT-837L-GFG-012,already_normalized,2c274b4c-2f17-4d0d-a843-e2196770e31e,Jota 837LG Elmas Frez - Yeşil Kuşak (Kaba) Uzun Silindirik Hızlı Preparasyon Frezi,6f63d83e-ac81-4a75-81a3-320f059e5c06,JOT-837L-GFG-012,JOT-837L-GFG-012,837L,GFG,012,product_name.model|connection_type|diameter,already_normalized,No action needed.
JOT-837L-GFG-014,already_normalized,2c274b4c-2f17-4d0d-a843-e2196770e31e,Jota 837LG Elmas Frez - Yeşil Kuşak (Kaba) Uzun Silindirik Hızlı Preparasyon Frezi,a422b730-8edd-411b-8bd0-24e7d02c2224,JOT-837L-GFG-014,JOT-837L-GFG-014,837L,GFG,014,product_name.model|connection_type|diameter,already_normalized,No action needed.
JOT-837L-GFG-016,already_normalized,2c274b4c-2f17-4d0d-a843-e2196770e31e,Jota 837LG Elmas Frez - Yeşil Kuşak (Kaba) Uzun Silindirik Hızlı Preparasyon Frezi,1b0f61fe-47ed-43e0-bc7e-6b696f983dc8,JOT-837L-GFG-016,JOT-837L-GFG-016,837L,GFG,016,product_name.model|connection_type|diameter,already_normalized,No action needed.
JOT-845R-FG-018,already_normalized,9b070322-5a6b-4b53-aaca-f53e33788fdc,Jota 845R Elmas Frez - Mavi Kuşak (Standard) Yuvarlatılmış Uçlu Silindirik Genel Preparasyon Frezi,b5c7322f-de25-4f11-acb5-5b732fd255eb,JOT-845R-FG-018,JOT-845R-FG-018,845R,FG,018,product_name.model|connection_type|diameter,already_normalized,No action needed.
JOT-845R-FG-025,already_normalized,9b070322-5a6b-4b53-aaca-f53e33788fdc,Jota 845R Elmas Frez - Mavi Kuşak (Standard) Yuvarlatılmış Uçlu Silindirik Genel Preparasyon Frezi,3cfa7524-100d-4c9e-a4d5-a1dc0d84138e,JOT-845R-FG-025,JOT-845R-FG-025,845R,FG,025,product_name.model|connection_type|diameter,already_normalized,No action needed.
JOT-848-FG-014,already_normalized,2d57d649-c08d-4144-93c2-cb84e08f6d27,Jota 848 Elmas Frez - Mavi Kuşak (Standard) Konik Genel Preparasyon Frezi,0c36669f-d6bf-4724-9741-1d6bf476e238,JOT-848-FG-014,JOT-848-FG-014,848,FG,014,product_name.model|connection_type|diameter,already_normalized,No action needed.
JOT-848-FG-016,already_normalized,2d57d649-c08d-4144-93c2-cb84e08f6d27,Jota 848 Elmas Frez - Mavi Kuşak (Standard) Konik Genel Preparasyon Frezi,278ed01c-c04c-4fa6-8377-0a70ba0b2862,JOT-848-FG-016,JOT-848-FG-016,848,FG,016,product_name.model|connection_type|diameter,already_normalized,No action needed.
JOT-848-FG-018,already_normalized,2d57d649-c08d-4144-93c2-cb84e08f6d27,Jota 848 Elmas Frez - Mavi Kuşak (Standard) Konik Genel Preparasyon Frezi,fc96c644-78f3-4ca2-9650-964bec53da3a,JOT-848-FG-018,JOT-848-FG-018,848,FG,018,product_name.model|connection_type|diameter,already_normalized,No action needed.
JOT-850-FFG-014,already_normalized,fbf133ea-c893-4a3b-84be-6c4fd077bdec,Jota 850F Elmas Frez - Kırmızı Kuşak (İnce) İnce Konik Finishing Frezi,881a5e81-e256-4f20-8b57-186641235d96,JOT-850-FFG-014,JOT-850-FFG-014,850,FFG,014,product_name.model|connection_type|diameter,already_normalized,No action needed.
JOT-850-FFG-016,already_normalized,fbf133ea-c893-4a3b-84be-6c4fd077bdec,Jota 850F Elmas Frez - Kırmızı Kuşak (İnce) İnce Konik Finishing Frezi,c3f2187f-5ece-4101-affd-b02e0cd625c4,JOT-850-FFG-016,JOT-850-FFG-016,850,FFG,016,product_name.model|connection_type|diameter,already_normalized,No action needed.
JOT-850-FFG-018,already_normalized,fbf133ea-c893-4a3b-84be-6c4fd077bdec,Jota 850F Elmas Frez - Kırmızı Kuşak (İnce) İnce Konik Finishing Frezi,b1b184b9-16f1-4b17-a5e7-9990f5d12049,JOT-850-FFG-018,JOT-850-FFG-018,850,FFG,018,product_name.model|connection_type|diameter,already_normalized,No action needed.
JOT-850-FG-014,already_normalized,ff65797d-1f71-4f51-8723-2597f5198219,Jota 850 Elmas Frez - Mavi Kuşak (Standard) İnce Konik Genel Preparasyon Frezi,e79b5af7-3ef0-4f44-83ec-eb9bd3e4c281,JOT-850-FG-014,JOT-850-FG-014,850,FG,014,product_name.model|connection_type|diameter,already_normalized,No action needed.
JOT-850-FG-016,already_normalized,ff65797d-1f71-4f51-8723-2597f5198219,Jota 850 Elmas Frez - Mavi Kuşak (Standard) İnce Konik Genel Preparasyon Frezi,7139ef80-d45b-4eb7-b853-9d0a3083b54c,JOT-850-FG-016,JOT-850-FG-016,850,FG,016,product_name.model|connection_type|diameter,already_normalized,No action needed.
JOT-850-FG-018,already_normalized,ff65797d-1f71-4f51-8723-2597f5198219,Jota 850 Elmas Frez - Mavi Kuşak (Standard) İnce Konik Genel Preparasyon Frezi,8d5939ae-424c-4cc1-a276-585406d82e46,JOT-850-FG-018,JOT-850-FG-018,850,FG,018,product_name.model|connection_type|diameter,already_normalized,No action needed.
JOT-850-GFG-014,already_normalized,4f97398b-03b4-472f-8842-a09bca102345,Jota 850G Elmas Frez - Yeşil Kuşak (Kaba) İnce Konik Hızlı Preparasyon Frezi,32973745-76dc-4099-9a42-6ec4477803ae,JOT-850-GFG-014,JOT-850-GFG-014,850,GFG,014,product_name.model|connection_type|diameter,already_normalized,No action needed.
JOT-850-GFG-016,already_normalized,4f97398b-03b4-472f-8842-a09bca102345,Jota 850G Elmas Frez - Yeşil Kuşak (Kaba) İnce Konik Hızlı Preparasyon Frezi,c583d9c5-d94c-418f-89e2-c44262cfb675,JOT-850-GFG-016,JOT-850-GFG-016,850,GFG,016,product_name.model|connection_type|diameter,already_normalized,No action needed.
JOT-850-GFG-018,already_normalized,4f97398b-03b4-472f-8842-a09bca102345,Jota 850G Elmas Frez - Yeşil Kuşak (Kaba) İnce Konik Hızlı Preparasyon Frezi,ff1be5c9-0151-4e99-a299-2bc07171be0a,JOT-850-GFG-018,JOT-850-GFG-018,850,GFG,018,product_name.model|connection_type|diameter,already_normalized,No action needed.
JOT-851L-FG-016,already_normalized,55b24753-18d7-4545-a8b0-f5b40977a07b,Jota 851L Elmas Frez - Mavi Kuşak (Standard) Uzun İnce Konik Genel Preparasyon Frezi,1e459799-54cf-4062-ab1d-e77f145c77d8,JOT-851L-FG-016,JOT-851L-FG-016,851L,FG,016,product_name.model|connection_type|diameter,already_normalized,No action needed.
JOT-852-FFG-012,already_normalized,9b8882a4-dcfe-4909-af5e-8bfda695d45f,Jota 852F Elmas Frez - Kırmızı Kuşak (İnce) İğne / İnce Konik Finishing Frezi,4efefdc1-9f43-4bcd-9cee-e907da78137c,JOT-852-FFG-012,JOT-852-FFG-012,852,FFG,012,product_name.model|connection_type|diameter,already_normalized,No action needed.
JOT-852-FFG-014,already_normalized,9b8882a4-dcfe-4909-af5e-8bfda695d45f,Jota 852F Elmas Frez - Kırmızı Kuşak (İnce) İğne / İnce Konik Finishing Frezi,35c6a52a-2268-4567-8051-5445fda061de,JOT-852-FFG-014,JOT-852-FFG-014,852,FFG,014,product_name.model|connection_type|diameter,already_normalized,No action needed.
JOT-852-FFG-016,already_normalized,9b8882a4-dcfe-4909-af5e-8bfda695d45f,Jota 852F Elmas Frez - Kırmızı Kuşak (İnce) İğne / İnce Konik Finishing Frezi,032e9693-3142-421b-af6e-9c5cfd37618e,JOT-852-FFG-016,JOT-852-FFG-016,852,FFG,016,product_name.model|connection_type|diameter,already_normalized,No action needed.
JOT-852-FFG-018,already_normalized,9b8882a4-dcfe-4909-af5e-8bfda695d45f,Jota 852F Elmas Frez - Kırmızı Kuşak (İnce) İğne / İnce Konik Finishing Frezi,4325644c-57f1-4749-8793-51a6fac3356a,JOT-852-FFG-018,JOT-852-FFG-018,852,FFG,018,product_name.model|connection_type|diameter,already_normalized,No action needed.
JOT-852-FG-012,already_normalized,9daa6d8d-7952-442b-9d15-3ff17a52bb2e,Jota 852 Elmas Frez - Mavi Kuşak (Standard) İğne / İnce Konik Genel Preparasyon Frezi,cf0a32b1-5146-4b8a-855e-ada65afb6d3a,JOT-852-FG-012,JOT-852-FG-012,852,FG,012,product_name.model|connection_type|diameter,already_normalized,No action needed.
JOT-852-FG-014,already_normalized,9daa6d8d-7952-442b-9d15-3ff17a52bb2e,Jota 852 Elmas Frez - Mavi Kuşak (Standard) İğne / İnce Konik Genel Preparasyon Frezi,5c32960d-aab9-427d-a6b0-ed9e08ba0c59,JOT-852-FG-014,JOT-852-FG-014,852,FG,014,product_name.model|connection_type|diameter,already_normalized,No action needed.
JOT-852-FG-016,already_normalized,9daa6d8d-7952-442b-9d15-3ff17a52bb2e,Jota 852 Elmas Frez - Mavi Kuşak (Standard) İğne / İnce Konik Genel Preparasyon Frezi,e30c5a3a-5e60-4efe-97e3-455c011a4406,JOT-852-FG-016,JOT-852-FG-016,852,FG,016,product_name.model|connection_type|diameter,already_normalized,No action needed.
JOT-852-FG-018,already_normalized,9daa6d8d-7952-442b-9d15-3ff17a52bb2e,Jota 852 Elmas Frez - Mavi Kuşak (Standard) İğne / İnce Konik Genel Preparasyon Frezi,7965a287-00d3-40b3-8d5f-b3b116661630,JOT-852-FG-018,JOT-852-FG-018,852,FG,018,product_name.model|connection_type|diameter,already_normalized,No action needed.
JOT-852-GFG-012,already_normalized,bed40a8f-9eef-4d12-874b-a5b23969f1a0,Jota 852G Elmas Frez - Yeşil Kuşak (Kaba) İğne / İnce Konik Hızlı Preparasyon Frezi,92b21632-a638-4031-9aa7-35a70ec610fe,JOT-852-GFG-012,JOT-852-GFG-012,852,GFG,012,product_name.model|connection_type|diameter,already_normalized,No action needed.
JOT-852-GFG-014,already_normalized,bed40a8f-9eef-4d12-874b-a5b23969f1a0,Jota 852G Elmas Frez - Yeşil Kuşak (Kaba) İğne / İnce Konik Hızlı Preparasyon Frezi,7b52c660-256a-4c37-843d-4a1e6b77b985,JOT-852-GFG-014,JOT-852-GFG-014,852,GFG,014,product_name.model|connection_type|diameter,already_normalized,No action needed.
JOT-852-GFG-016,already_normalized,bed40a8f-9eef-4d12-874b-a5b23969f1a0,Jota 852G Elmas Frez - Yeşil Kuşak (Kaba) İğne / İnce Konik Hızlı Preparasyon Frezi,130c1985-97d6-410e-b9b4-9e4157dd1df4,JOT-852-GFG-016,JOT-852-GFG-016,852,GFG,016,product_name.model|connection_type|diameter,already_normalized,No action needed.
JOT-852-GFG-018,already_normalized,bed40a8f-9eef-4d12-874b-a5b23969f1a0,Jota 852G Elmas Frez - Yeşil Kuşak (Kaba) İğne / İnce Konik Hızlı Preparasyon Frezi,04ae6d84-0b4a-41af-aa85-4567a2e4ab5d,JOT-852-GFG-018,JOT-852-GFG-018,852,GFG,018,product_name.model|connection_type|diameter,already_normalized,No action needed.
JOT-852-SGFG-014,already_normalized,499f5d8e-7606-46a2-9066-206ed3252f82,Jota 852SG Elmas Frez - Siyah Kuşak (Süper Kaba) İğne / İnce Konik Agresif Preparasyon Frezi,5224c35c-88b8-4c5f-a8fd-f153179d318c,JOT-852-SGFG-014,JOT-852-SGFG-014,852,SGFG,014,product_name.model|connection_type|diameter,already_normalized,No action needed.
JOT-852-SGFG-016,already_normalized,499f5d8e-7606-46a2-9066-206ed3252f82,Jota 852SG Elmas Frez - Siyah Kuşak (Süper Kaba) İğne / İnce Konik Agresif Preparasyon Frezi,4dfa7ead-7e9c-4f75-a44f-29c70592f07c,JOT-852-SGFG-016,JOT-852-SGFG-016,852,SGFG,016,product_name.model|connection_type|diameter,already_normalized,No action needed.
JOT-852-SGFG-018,already_normalized,499f5d8e-7606-46a2-9066-206ed3252f82,Jota 852SG Elmas Frez - Siyah Kuşak (Süper Kaba) İğne / İnce Konik Agresif Preparasyon Frezi,33ecd4ca-33a4-46d4-abd0-0c5a9a95c2af,JOT-852-SGFG-018,JOT-852-SGFG-018,852,SGFG,018,product_name.model|connection_type|diameter,already_normalized,No action needed.
JOT-859-EFFG-010,already_normalized,f72c6590-f4d9-4eb7-9fdd-5efa26af1633,Jota 859EF Elmas Frez - Sarı Extra İnce Uzun İğne Elmas Frez,07d6cb8d-9950-4799-ba44-5607a9c0cc01,JOT-859-EFFG-010,JOT-859-EFFG-010,859,EFFG,010,product_name.model|connection_type|diameter,already_normalized,No action needed.
JOT-859-EFFG-012,already_normalized,f72c6590-f4d9-4eb7-9fdd-5efa26af1633,Jota 859EF Elmas Frez - Sarı Extra İnce Uzun İğne Elmas Frez,fbadab18-8f43-48c2-87f5-328700915744,JOT-859-EFFG-012,JOT-859-EFFG-012,859,EFFG,012,product_name.model|connection_type|diameter,already_normalized,No action needed.
JOT-859-EFFG-014,already_normalized,f72c6590-f4d9-4eb7-9fdd-5efa26af1633,Jota 859EF Elmas Frez - Sarı Extra İnce Uzun İğne Elmas Frez,cf2ec71f-d21a-4ba9-ba53-a51cd6f0055e,JOT-859-EFFG-014,JOT-859-EFFG-014,859,EFFG,014,product_name.model|connection_type|diameter,already_normalized,No action needed.
JOT-859-FFG-010,already_normalized,f7ff8876-e7f8-4e4b-bc27-d53e17d6f7a7,Jota 859F Elmas Frez - Kırmızı Kuşak (İnce) Uzun İğne Finishing Frezi,e9c3460b-9fcc-437c-8aca-4cf70ab3ce19,JOT-859-FFG-010,JOT-859-FFG-010,859,FFG,010,product_name.model|connection_type|diameter,already_normalized,No action needed.
JOT-859-FFG-012,already_normalized,f7ff8876-e7f8-4e4b-bc27-d53e17d6f7a7,Jota 859F Elmas Frez - Kırmızı Kuşak (İnce) Uzun İğne Finishing Frezi,d1f2fd4a-8660-4082-8781-ad2a1e18afdc,JOT-859-FFG-012,JOT-859-FFG-012,859,FFG,012,product_name.model|connection_type|diameter,already_normalized,No action needed.
JOT-859-FFG-014,already_normalized,f7ff8876-e7f8-4e4b-bc27-d53e17d6f7a7,Jota 859F Elmas Frez - Kırmızı Kuşak (İnce) Uzun İğne Finishing Frezi,f1cfc654-6437-44db-9249-2af8f2b1e443,JOT-859-FFG-014,JOT-859-FFG-014,859,FFG,014,product_name.model|connection_type|diameter,already_normalized,No action needed.
JOT-859-FG-010,already_normalized,35d30c26-ca04-4fd9-a3f5-137d112539f0,Jota 859 Elmas Frez - Mavi Kuşak (Standard) Uzun İğne Genel Preparasyon Frezi,68e3dcae-7c0d-425c-8765-eedb855d88d4,JOT-859-FG-010,JOT-859-FG-010,859,FG,010,product_name.model|connection_type|diameter,already_normalized,No action needed.
JOT-859-FG-012,already_normalized,35d30c26-ca04-4fd9-a3f5-137d112539f0,Jota 859 Elmas Frez - Mavi Kuşak (Standard) Uzun İğne Genel Preparasyon Frezi,8c5f980f-5ce6-4302-bb48-cfc3e9202108,JOT-859-FG-012,JOT-859-FG-012,859,FG,012,product_name.model|connection_type|diameter,already_normalized,No action needed.
JOT-859-FG-014,already_normalized,35d30c26-ca04-4fd9-a3f5-137d112539f0,Jota 859 Elmas Frez - Mavi Kuşak (Standard) Uzun İğne Genel Preparasyon Frezi,9cba431c-ef68-4bb1-a002-559ec4f60c7e,JOT-859-FG-014,JOT-859-FG-014,859,FG,014,product_name.model|connection_type|diameter,already_normalized,No action needed.
JOT-859-GFG-012,already_normalized,03e1c613-c12b-4e6a-99e4-1c3851c17342,Jota 859G Elmas Frez - Yeşil Kuşak (Kaba) Uzun İğne Hızlı Preparasyon Frezi,d1cfa610-f4c2-472a-9e13-9fa71c09ab7f,JOT-859-GFG-012,JOT-859-GFG-012,859,GFG,012,product_name.model|connection_type|diameter,already_normalized,No action needed.
JOT-859-GFG-014,already_normalized,03e1c613-c12b-4e6a-99e4-1c3851c17342,Jota 859G Elmas Frez - Yeşil Kuşak (Kaba) Uzun İğne Hızlı Preparasyon Frezi,72d51a91-5a04-4592-9292-5ad413251d56,JOT-859-GFG-014,JOT-859-GFG-014,859,GFG,014,product_name.model|connection_type|diameter,already_normalized,No action needed.
JOT-859L-FFG-010,already_normalized,048929f4-ef88-42d1-88cf-f443727ee715,Jota 859LF Elmas Frez - Kırmızı Kuşak (İnce) Extra Uzun İğne Finishing Frezi,4fd940e4-3255-4b21-adb0-b25dfb8cf9d5,JOT-859L-FFG-010,JOT-859L-FFG-010,859L,FFG,010,product_name.model|connection_type|diameter,already_normalized,No action needed.
JOT-859L-FFG-012,already_normalized,048929f4-ef88-42d1-88cf-f443727ee715,Jota 859LF Elmas Frez - Kırmızı Kuşak (İnce) Extra Uzun İğne Finishing Frezi,5b9ee31e-e718-462a-9489-d3b8b7ae67f7,JOT-859L-FFG-012,JOT-859L-FFG-012,859L,FFG,012,product_name.model|connection_type|diameter,already_normalized,No action needed.
JOT-859L-FFG-014,already_normalized,048929f4-ef88-42d1-88cf-f443727ee715,Jota 859LF Elmas Frez - Kırmızı Kuşak (İnce) Extra Uzun İğne Finishing Frezi,e113f113-57be-472c-abc4-7f96b365250c,JOT-859L-FFG-014,JOT-859L-FFG-014,859L,FFG,014,product_name.model|connection_type|diameter,already_normalized,No action needed.
JOT-859L-FG-010,already_normalized,c0e0bad7-7773-415f-8ca7-eff9a89245d3,Jota 859L Elmas Frez - Mavi Kuşak (Standard) Extra Uzun İğne Genel Preparasyon Frezi,69282611-9cbf-4f21-9a68-82993e7db19d,JOT-859L-FG-010,JOT-859L-FG-010,859L,FG,010,product_name.model|connection_type|diameter,already_normalized,No action needed.
JOT-859L-FG-014,already_normalized,c0e0bad7-7773-415f-8ca7-eff9a89245d3,Jota 859L Elmas Frez - Mavi Kuşak (Standard) Extra Uzun İğne Genel Preparasyon Frezi,d0bd779f-a1d8-4779-aa9a-227b1c32e707,JOT-859L-FG-014,JOT-859L-FG-014,859L,FG,014,product_name.model|connection_type|diameter,already_normalized,No action needed.
JOT-862-EFFG-010,already_normalized,54695448-bf2d-471b-b49e-d8c255f1d752,Jota 862EF Elmas Frez - Sarı Extra İnce Konik Elmas Frez,84995940-764d-490d-a016-1f32c14af528,JOT-862-EFFG-010,JOT-862-EFFG-010,862,EFFG,010,product_name.model|connection_type|diameter,already_normalized,No action needed.
JOT-862-EFFG-012,already_normalized,54695448-bf2d-471b-b49e-d8c255f1d752,Jota 862EF Elmas Frez - Sarı Extra İnce Konik Elmas Frez,f4f84dd3-6e77-4195-a042-7fa13bf1c187,JOT-862-EFFG-012,JOT-862-EFFG-012,862,EFFG,012,product_name.model|connection_type|diameter,already_normalized,No action needed.
JOT-862-EFFG-014,already_normalized,54695448-bf2d-471b-b49e-d8c255f1d752,Jota 862EF Elmas Frez - Sarı Extra İnce Konik Elmas Frez,3ddd6dad-06d2-4313-ae8e-94b133978987,JOT-862-EFFG-014,JOT-862-EFFG-014,862,EFFG,014,product_name.model|connection_type|diameter,already_normalized,No action needed.
JOT-862-FFG-010,already_normalized,3bbd1308-acc4-4688-a0d3-d6cc982179f0,Jota 862F Elmas Frez - Kırmızı Kuşak (İnce) Konik Finishing Frezi,2bdbd767-83ff-4845-8e37-b5a5bb74ae64,JOT-862-FFG-010,JOT-862-FFG-010,862,FFG,010,product_name.model|connection_type|diameter,already_normalized,No action needed.
JOT-862-FFG-012,already_normalized,3bbd1308-acc4-4688-a0d3-d6cc982179f0,Jota 862F Elmas Frez - Kırmızı Kuşak (İnce) Konik Finishing Frezi,ced9688e-61c7-4269-a002-45cba329e015,JOT-862-FFG-012,JOT-862-FFG-012,862,FFG,012,product_name.model|connection_type|diameter,already_normalized,No action needed.
JOT-862-FFG-014,already_normalized,3bbd1308-acc4-4688-a0d3-d6cc982179f0,Jota 862F Elmas Frez - Kırmızı Kuşak (İnce) Konik Finishing Frezi,44a4f7d6-fb38-4509-adaf-c34e31b00e39,JOT-862-FFG-014,JOT-862-FFG-014,862,FFG,014,product_name.model|connection_type|diameter,already_normalized,No action needed.
JOT-862-FG-010,already_normalized,f8d4fa41-358d-49d6-8779-635c4c5d4b3a,Jota 862 Elmas Frez - Mavi Kuşak (Standard) Konik Genel Preparasyon Frezi,01f010fd-c400-4bc7-a73c-360494577afe,JOT-862-FG-010,JOT-862-FG-010,862,FG,010,product_name.model|connection_type|diameter,already_normalized,No action needed.
JOT-862-FG-012,already_normalized,f8d4fa41-358d-49d6-8779-635c4c5d4b3a,Jota 862 Elmas Frez - Mavi Kuşak (Standard) Konik Genel Preparasyon Frezi,b3d1cbdd-c377-491e-af6b-b49ceff3bd71,JOT-862-FG-012,JOT-862-FG-012,862,FG,012,product_name.model|connection_type|diameter,already_normalized,No action needed.
JOT-862-FG-014,already_normalized,f8d4fa41-358d-49d6-8779-635c4c5d4b3a,Jota 862 Elmas Frez - Mavi Kuşak (Standard) Konik Genel Preparasyon Frezi,900b4435-79b0-47b9-83fa-7f35111a7ea7,JOT-862-FG-014,JOT-862-FG-014,862,FG,014,product_name.model|connection_type|diameter,already_normalized,No action needed.
JOT-862-GFG-010,already_normalized,beb41dab-e211-4cc9-8ef5-fd2ba01a972f,Jota 862G Elmas Frez - Yeşil Kuşak (Kaba) Konik Hızlı Preparasyon Frezi,6d0d05dd-8ec4-4bd1-9a69-24cb28f45d71,JOT-862-GFG-010,JOT-862-GFG-010,862,GFG,010,product_name.model|connection_type|diameter,already_normalized,No action needed.
JOT-862-GFG-012,already_normalized,beb41dab-e211-4cc9-8ef5-fd2ba01a972f,Jota 862G Elmas Frez - Yeşil Kuşak (Kaba) Konik Hızlı Preparasyon Frezi,b0560879-a498-4a0d-9746-e6a294f2f58d,JOT-862-GFG-012,JOT-862-GFG-012,862,GFG,012,product_name.model|connection_type|diameter,already_normalized,No action needed.
JOT-862-GFG-014,already_normalized,beb41dab-e211-4cc9-8ef5-fd2ba01a972f,Jota 862G Elmas Frez - Yeşil Kuşak (Kaba) Konik Hızlı Preparasyon Frezi,c277fbab-cbac-44e2-9e51-65c15db52c52,JOT-862-GFG-014,JOT-862-GFG-014,862,GFG,014,product_name.model|connection_type|diameter,already_normalized,No action needed.
JOT-863-EFFG-012,already_normalized,b9bb40a9-22ee-442e-b191-3104d84f52ab,Jota 863EF Elmas Frez - Sarı Extra İnce Alev / Uzun Konik Elmas Frez,22119525-e0c8-4786-91b3-d865c6f8531f,JOT-863-EFFG-012,JOT-863-EFFG-012,863,EFFG,012,product_name.model|connection_type|diameter,already_normalized,No action needed.
JOT-863-FFG-012,already_normalized,afbecf69-5412-451d-a5f3-9ff21c29a52c,Jota 863F Elmas Frez - Kırmızı Kuşak (İnce) Alev / Uzun Konik Finishing Frezi,96125525-4cb4-4647-bdda-6b14bc4d7407,JOT-863-FFG-012,JOT-863-FFG-012,863,FFG,012,product_name.model|connection_type|diameter,already_normalized,No action needed.
JOT-863-FG-012,already_normalized,875a83df-fc93-4013-a3c5-388312cf6c7a,Jota 863 Elmas Frez - Mavi Kuşak (Standard) Alev / Uzun Konik Genel Preparasyon Frezi,f4e5e559-504c-4768-b9b7-998b8d69f86c,JOT-863-FG-012,JOT-863-FG-012,863,FG,012,product_name.model|connection_type|diameter,already_normalized,No action needed.
JOT-863-GFG-012,already_normalized,1893ebf9-f2b3-4fc7-8d55-d4514938c5b2,Jota 863G Elmas Frez - Yeşil Kuşak (Kaba) Alev / Uzun Konik Hızlı Preparasyon Frezi,150a1918-23c3-4fb4-917d-23a7e38b928b,JOT-863-GFG-012,JOT-863-GFG-012,863,GFG,012,product_name.model|connection_type|diameter,already_normalized,No action needed.
JOT-863-GFG-016,already_normalized,1893ebf9-f2b3-4fc7-8d55-d4514938c5b2,Jota 863G Elmas Frez - Yeşil Kuşak (Kaba) Alev / Uzun Konik Hızlı Preparasyon Frezi,5f77e25e-6827-4408-9990-5fdab7734baf,JOT-863-GFG-016,JOT-863-GFG-016,863,GFG,016,product_name.model|connection_type|diameter,already_normalized,No action needed.
JOT-863-SGFG-016,already_normalized,53f66deb-a5e8-4fce-b40d-21c2384990b8,Jota 863SG Elmas Frez - Siyah Kuşak (Süper Kaba) Alev / Uzun Konik Agresif Preparasyon Frezi,c9d783e3-5099-44e1-802e-37bb6e25dca0,JOT-863-SGFG-016,JOT-863-SGFG-016,863,SGFG,016,product_name.model|connection_type|diameter,already_normalized,No action needed.
JOT-868-FFG-012,already_normalized,6ddd0eea-cec0-4826-99d4-cc8a96cf9c5d,Jota 868F Elmas Frez - Kırmızı Kuşak (İnce) İnce Konik Finishing Frezi,d0160ac8-6fde-491c-8699-560f2b2f9316,JOT-868-FFG-012,JOT-868-FFG-012,868,FFG,012,product_name.model|connection_type|diameter,already_normalized,No action needed.
JOT-868-FFG-014,already_normalized,6ddd0eea-cec0-4826-99d4-cc8a96cf9c5d,Jota 868F Elmas Frez - Kırmızı Kuşak (İnce) İnce Konik Finishing Frezi,aa0783fd-b43b-4332-be9b-50a7754a789a,JOT-868-FFG-014,JOT-868-FFG-014,868,FFG,014,product_name.model|connection_type|diameter,already_normalized,No action needed.
JOT-868-FG-012,already_normalized,991f8081-b88f-4a9c-87a7-2d3b422cf466,Jota 868 Elmas Frez - Mavi Kuşak (Standard) İnce Konik Genel Preparasyon Frezi,ae549d68-9523-41a3-8a54-51741deac9ad,JOT-868-FG-012,JOT-868-FG-012,868,FG,012,product_name.model|connection_type|diameter,already_normalized,No action needed.
JOT-868-FG-014,already_normalized,991f8081-b88f-4a9c-87a7-2d3b422cf466,Jota 868 Elmas Frez - Mavi Kuşak (Standard) İnce Konik Genel Preparasyon Frezi,3c8c16e6-6593-4f88-85f4-7cfb1b204555,JOT-868-FG-014,JOT-868-FG-014,868,FG,014,product_name.model|connection_type|diameter,already_normalized,No action needed.
JOT-868-GFG-012,already_normalized,3a80184a-87fa-48f3-ab16-d0374dcd3fde,Jota 868G Elmas Frez - Yeşil Kuşak (Kaba) İnce Konik Hızlı Preparasyon Frezi,8a5d696b-d6a9-4aa4-8d48-f5604adfd08d,JOT-868-GFG-012,JOT-868-GFG-012,868,GFG,012,product_name.model|connection_type|diameter,already_normalized,No action needed.
JOT-868-GFG-014,already_normalized,3a80184a-87fa-48f3-ab16-d0374dcd3fde,Jota 868G Elmas Frez - Yeşil Kuşak (Kaba) İnce Konik Hızlı Preparasyon Frezi,f48cc34c-1f24-4b69-bc97-30e15dd68bc1,JOT-868-GFG-014,JOT-868-GFG-014,868,GFG,014,product_name.model|connection_type|diameter,already_normalized,No action needed.
JOT-881-FFG-012,already_normalized,8456358d-2455-4514-9d1d-dfc281b54f86,Jota 881F Elmas Frez - Kırmızı Kuşak (İnce) Silindirik Düz Uç Finishing Frezi,f9becc86-2ca3-4a7a-bfbb-17adba1fa3fc,JOT-881-FFG-012,JOT-881-FFG-012,881,FFG,012,product_name.model|connection_type|diameter,already_normalized,No action needed.
JOT-881-FFG-014,already_normalized,8456358d-2455-4514-9d1d-dfc281b54f86,Jota 881F Elmas Frez - Kırmızı Kuşak (İnce) Silindirik Düz Uç Finishing Frezi,bc06bf73-3c00-4e12-82bc-dd22d07c83fa,JOT-881-FFG-014,JOT-881-FFG-014,881,FFG,014,product_name.model|connection_type|diameter,already_normalized,No action needed.
JOT-881-FFG-016,already_normalized,8456358d-2455-4514-9d1d-dfc281b54f86,Jota 881F Elmas Frez - Kırmızı Kuşak (İnce) Silindirik Düz Uç Finishing Frezi,8b92b0b2-816d-4a30-95b8-a925df08f09d,JOT-881-FFG-016,JOT-881-FFG-016,881,FFG,016,product_name.model|connection_type|diameter,already_normalized,No action needed.
JOT-881-FG-012,already_normalized,1d1303c8-9883-4cff-95df-c7f86ac1e18e,Jota 881 Elmas Frez - Mavi Kuşak (Standard) Silindirik Düz Uç Genel Preparasyon Frezi,0a41efde-3ce7-4a57-b1ae-f02c34f8cb8b,JOT-881-FG-012,JOT-881-FG-012,881,FG,012,product_name.model|connection_type|diameter,already_normalized,No action needed.
JOT-881-FG-014,already_normalized,1d1303c8-9883-4cff-95df-c7f86ac1e18e,Jota 881 Elmas Frez - Mavi Kuşak (Standard) Silindirik Düz Uç Genel Preparasyon Frezi,b698b0c5-ed1f-4076-a709-77ff6a861fd3,JOT-881-FG-014,JOT-881-FG-014,881,FG,014,product_name.model|connection_type|diameter,already_normalized,No action needed.
JOT-881-FG-016,already_normalized,1d1303c8-9883-4cff-95df-c7f86ac1e18e,Jota 881 Elmas Frez - Mavi Kuşak (Standard) Silindirik Düz Uç Genel Preparasyon Frezi,d45380f5-1fec-4aa7-9997-2555d52b0844,JOT-881-FG-016,JOT-881-FG-016,881,FG,016,product_name.model|connection_type|diameter,already_normalized,No action needed.
JOT-881-GFG-012,already_normalized,f3a8c790-e252-40d8-bf5d-db4dceaafbf9,Jota 881G Elmas Frez - Yeşil Kuşak (Kaba) Silindirik Düz Uç Hızlı Preparasyon Frezi,276282ad-8067-4edb-9479-973dca1ccf3f,JOT-881-GFG-012,JOT-881-GFG-012,881,GFG,012,product_name.model|connection_type|diameter,already_normalized,No action needed.
JOT-881-GFG-014,already_normalized,f3a8c790-e252-40d8-bf5d-db4dceaafbf9,Jota 881G Elmas Frez - Yeşil Kuşak (Kaba) Silindirik Düz Uç Hızlı Preparasyon Frezi,f5c3f77c-6bdd-41ee-b543-e981cd0b0408,JOT-881-GFG-014,JOT-881-GFG-014,881,GFG,014,product_name.model|connection_type|diameter,already_normalized,No action needed.
JOT-881-GFG-016,already_normalized,f3a8c790-e252-40d8-bf5d-db4dceaafbf9,Jota 881G Elmas Frez - Yeşil Kuşak (Kaba) Silindirik Düz Uç Hızlı Preparasyon Frezi,340a7497-11e7-4d76-a10e-dc01d9bbd32c,JOT-881-GFG-016,JOT-881-GFG-016,881,GFG,016,product_name.model|connection_type|diameter,already_normalized,No action needed.
JOT-881-SGFG-012,already_normalized,86603b72-74bb-4377-aa0a-04620f2a1350,Jota 881SG Elmas Frez - Siyah Kuşak (Süper Kaba) Silindirik Düz Uç Agresif Preparasyon Frezi,f09960b3-5b74-40bf-8f6a-5ad14b881364,JOT-881-SGFG-012,JOT-881-SGFG-012,881,SGFG,012,product_name.model|connection_type|diameter,already_normalized,No action needed.
JOT-881-SGFG-014,already_normalized,86603b72-74bb-4377-aa0a-04620f2a1350,Jota 881SG Elmas Frez - Siyah Kuşak (Süper Kaba) Silindirik Düz Uç Agresif Preparasyon Frezi,a1c6a784-e008-4518-ac0f-e6de6906abb5,JOT-881-SGFG-014,JOT-881-SGFG-014,881,SGFG,014,product_name.model|connection_type|diameter,already_normalized,No action needed.
JOT-889L-FFG-009,already_normalized,65b9e28e-83e9-4603-bf73-89851ee6bf4b,Jota 889LF Elmas Frez - Kırmızı Kuşak (İnce) İnce Uçlu Uzun Form Finishing Frezi,71de9e39-dbca-4738-8915-55a55a81fbf8,JOT-889L-FFG-009,JOT-889L-FFG-009,889L,FFG,009,product_name.model|connection_type|diameter,already_normalized,No action needed.
JOT-890-FFG-010,already_normalized,4616ea15-7442-4463-9e91-d4b81dbaa363,Jota 890F Elmas Frez - Kırmızı Kuşak (İnce) Alev / İnce Uçlu Finishing Frezi,2fbdbdcc-ca7f-48d8-a213-df8ace428026,JOT-890-FFG-010,JOT-890-FFG-010,890,FFG,010,product_name.model|connection_type|diameter,already_normalized,No action needed.
JOT-890L-FFG-008,already_normalized,05c6cc68-fc66-4d94-8390-53c9b4fc8f35,Jota 890LF Elmas Frez - Kırmızı Kuşak (İnce) Alev / İnce Uçlu Finishing Frezi,67da54aa-aaf1-4b21-9988-79499e6f82a4,JOT-890L-FFG-008,JOT-890L-FFG-008,890L,FFG,008,product_name.model|connection_type|diameter,already_normalized,No action needed.
JOT-895-FFG-016,already_normalized,7b931d0e-2b83-4fa2-9ebb-4075e9421e82,Jota 895F Elmas Frez - Kırmızı Kuşak (İnce) Armut İnce Form Finishing Frezi,6a133184-e205-41c8-9888-af2709f0bfe0,JOT-895-FFG-016,JOT-895-FFG-016,895,FFG,016,product_name.model|connection_type|diameter,already_normalized,No action needed.
JOT-9113M-RA-050,already_normalized,eac27551-3d75-45f8-85e1-5e9a84c996bb,Jota 9113M Universal Cilalama Ucu (Polisher),97e5b884-be9e-41f6-8859-9b05829b846e,JOT-9113M-RA-050,JOT-9113M-RA-050,9113M,RA,050,product_name.model|connection_type|diameter,already_normalized,No action needed.
JOT-9150-RA-014,already_normalized,c2b7db8b-b3a3-4a67-8414-dcbc1845b157,Jota 9150 Universal Cilalama Ucu (Polisher),a7d94f2c-938d-4bf7-93eb-ce4563ff3c8d,JOT-9150-RA-014,JOT-9150-RA-014,9150,RA,014,product_name.model|connection_type|diameter,already_normalized,No action needed.
JOT-9501-FRA-030,already_normalized,e3266383-b552-4fcc-8fe8-2b7eb1b849bf,Jota 9501F Metal Cilalama Ucu (Polisher) - Step 3,375519de-84ea-4c95-bf90-9c805100c5e0,JOT-9501-FRA-030,JOT-9501-FRA-030,9501,FRA,030,product_name.model|connection_type|diameter,already_normalized,No action needed.
JOT-9501-GRA-030,already_normalized,e8045018-43ae-4e60-99bb-7fab4404f594,Jota 9501G Metal Cilalama Ucu (Polisher) - Step 1,ef9d9d7f-7bec-4ad4-bfd5-47f1532e05c9,JOT-9501-GRA-030,JOT-9501-GRA-030,9501,GRA,030,product_name.model|connection_type|diameter,already_normalized,No action needed.
JOT-9501M-RA-030,already_normalized,e3ca7562-e407-4fed-998f-9de183e22992,Jota 9501M Metal Cilalama Ucu (Polisher) - Step 2,22fb5461-92cd-4f01-b147-72de85d058ea,JOT-9501M-RA-030,JOT-9501M-RA-030,9501M,RA,030,product_name.model|connection_type|diameter,already_normalized,No action needed.
JOT-9765-FRA-055,already_normalized,612c8440-3eb7-4236-b60b-e45ddd026e51,Jota 9765F Kompozit Cilalama Ucu (Polisher) - Step 2,b2936649-b739-4c64-ad6c-71f251a9256a,JOT-9765-FRA-055,JOT-9765-FRA-055,9765,FRA,055,product_name.model|connection_type|diameter,already_normalized,No action needed.
JOT-9765M-RA-055,already_normalized,a3bdf8c8-e539-46e6-86bd-64c9618d71de,Jota 9765M Kompozit Cilalama Ucu (Polisher) - Step 1,edfa5d17-0858-4565-987c-4874bc7f0182,JOT-9765M-RA-055,JOT-9765M-RA-055,9765M,RA,055,product_name.model|connection_type|diameter,already_normalized,No action needed.
JOT-9805-FRA-014,already_normalized,57012510-e0a7-44fd-9740-0ac33908eb79,Jota 9805F Seramik Cilalama Ucu (Polisher) - Step 3,eb0530ba-03e1-450c-a38d-6c27d0dece4f,JOT-9805-FRA-014,JOT-9805-FRA-014,9805,FRA,014,product_name.model|connection_type|diameter,already_normalized,No action needed.
JOT-9805-GRA-014,already_normalized,3a132d25-9bad-4a13-b6ab-4f164ad14dc8,Jota 9805G Seramik Cilalama Ucu (Polisher) - Step 1,94be1dc0-3c41-47c2-86b5-bab8a5c9b7a0,JOT-9805-GRA-014,JOT-9805-GRA-014,9805,GRA,014,product_name.model|connection_type|diameter,already_normalized,No action needed.
JOT-9805M-RA-014,already_normalized,d1130a78-b641-4ba1-8be9-5385083fe690,Jota 9805M Seramik Cilalama Ucu (Polisher) - Step 2,efe55d9f-93ea-4237-818b-1028d1c9d7fc,JOT-9805M-RA-014,JOT-9805M-RA-014,9805M,RA,014,product_name.model|connection_type|diameter,already_normalized,No action needed.
JOT-9812-FRA-040,already_normalized,3ec52d6a-9a7a-4535-970c-f370979bf491,Jota 9812F Seramik Cilalama Ucu (Polisher) - Step 3,2853878d-2990-4b40-9908-fd278e7177b3,JOT-9812-FRA-040,JOT-9812-FRA-040,9812,FRA,040,product_name.model|connection_type|diameter,already_normalized,No action needed.
JOT-9812-GRA-040,already_normalized,3e451217-459a-4dab-a760-d283ce2a6f23,Jota 9812G Seramik Cilalama Ucu (Polisher) - Step 1,a18d12dc-95a4-48f5-bc72-70e9cee9e4ec,JOT-9812-GRA-040,JOT-9812-GRA-040,9812,GRA,040,product_name.model|connection_type|diameter,already_normalized,No action needed.
JOT-9812M-RA-040,already_normalized,13d0c867-354a-4043-aa86-f0cc66926fd7,Jota 9812M Seramik Cilalama Ucu (Polisher) - Step 2,136164c4-a5f6-44ca-ab86-def061e57083,JOT-9812M-RA-040,JOT-9812M-RA-040,9812M,RA,040,product_name.model|connection_type|diameter,already_normalized,No action needed.
JOT-9813-FRA-060,already_normalized,409370c2-778a-4ed3-89e9-b9506480cf79,Jota 9813F Seramik Cilalama Ucu (Polisher) - Step 3,a52ebd4b-77bf-4746-a9f9-c49d0012cb61,JOT-9813-FRA-060,JOT-9813-FRA-060,9813,FRA,060,product_name.model|connection_type|diameter,already_normalized,No action needed.
JOT-9813-GRA-060,already_normalized,eb5a513a-36f4-488b-aa71-2e74cc0dbafd,Jota 9813G Seramik Cilalama Ucu (Polisher) - Step 1,8fcd927e-f012-4fbb-bec4-025b4669302f,JOT-9813-GRA-060,JOT-9813-GRA-060,9813,GRA,060,product_name.model|connection_type|diameter,already_normalized,No action needed.
JOT-9813M-RA-060,already_normalized,b6533653-0b0d-44bd-aa5d-51a457c208f7,Jota 9813M Seramik Cilalama Ucu (Polisher) - Step 2,67777a4d-e280-4225-8f37-9d81ec1b422f,JOT-9813M-RA-060,JOT-9813M-RA-060,9813M,RA,060,product_name.model|connection_type|diameter,already_normalized,No action needed.
JOT-9825-RA-030,already_normalized,0ad57fe8-0aca-4bd0-b615-bf0a3d063386,Jota 9825 Kompozit Cilalama Ucu (Polisher) - Step 1,099d1075-dff1-4875-b50a-f529d5b31a31,JOT-9825-RA-030,JOT-9825-RA-030,9825,RA,030,product_name.model|connection_type|diameter,already_normalized,No action needed.
JOT-9826-RA-060,already_normalized,5c576b0d-6ddc-4158-83e5-cac3735af6ee,Jota 9826 Kompozit Cilalama Ucu (Polisher) - Step 1,f77a56db-acac-4dd3-95b5-459053e0325e,JOT-9826-RA-060,JOT-9826-RA-060,9826,RA,060,product_name.model|connection_type|diameter,already_normalized,No action needed.
JOT-9828-RA-040,already_normalized,76c0b326-cfe0-4d63-9a42-d3eed95de2c1,Jota 9828 Kompozit Cilalama Ucu (Polisher) - Step 1,3da68833-b154-4dd4-bdb1-40c2526eb387,JOT-9828-RA-040,JOT-9828-RA-040,9828,RA,040,product_name.model|connection_type|diameter,already_normalized,No action needed.
JOT-9829-RA-014,already_normalized,d1888974-018e-48a9-a6d7-b13f6e80f994,Jota 9829 Kompozit Cilalama Ucu (Polisher) - Step 1,7683b39f-6878-4dc9-a1ab-b3934c896da8,JOT-9829-RA-014,JOT-9829-RA-014,9829,RA,014,product_name.model|connection_type|diameter,already_normalized,No action needed.
JOT-9831-RA-030,already_normalized,2668f3ea-7204-4460-8d2a-93b4b9565f90,Jota 9831 Kompozit Cilalama Ucu (Polisher) - Step 2,ca9a7862-94b5-4dc5-87e6-fb143fc4e1b9,JOT-9831-RA-030,JOT-9831-RA-030,9831,RA,030,product_name.model|connection_type|diameter,already_normalized,No action needed.
JOT-9832-RA-060,already_normalized,2af304b0-1b82-47ef-bc83-54d0b07f30c7,Jota 9832 Kompozit Cilalama Ucu (Polisher) - Step 2,6ffc09c4-65d7-4ddc-98ec-e9106ee6faa4,JOT-9832-RA-060,JOT-9832-RA-060,9832,RA,060,product_name.model|connection_type|diameter,already_normalized,No action needed.
JOT-9834-RA-040,already_normalized,0061db5a-be9c-46f4-b388-48d667cd35d7,Jota 9834 Kompozit Cilalama Ucu (Polisher) - Step 2,b25e435c-708d-4c77-95da-4a5588112181,JOT-9834-RA-040,JOT-9834-RA-040,9834,RA,040,product_name.model|connection_type|diameter,already_normalized,No action needed.
JOT-9837-RA-014,already_normalized,069b27bc-4ae9-427f-9b31-1860426f0dd1,Jota 9837 Kompozit Cilalama Ucu (Polisher) - Step 2,1223f305-4395-48b1-9875-e87511317c31,JOT-9837-RA-014,JOT-9837-RA-014,9837,RA,014,product_name.model|connection_type|diameter,already_normalized,No action needed.
JOT-Z801L-FG-014,already_normalized,eb04e6ff-4492-4ed1-927b-3d7227985929,Jota Z801L Zirkonya Elmas Frez - Mavi Kuşak (Standard) Zirkonya Uzun Boyunlu Yuvarlak Genel Preparasyon Frezi,2d9be36e-7a3f-470d-b755-0b5ff234136a,JOT-Z801L-FG-014,JOT-Z801L-FG-014,Z801L,FG,014,product_name.model|connection_type|diameter,already_normalized,No action needed.
JOT-Z818-FG-060,already_normalized,d0ab93fe-3bb9-49cc-a1e6-d8735a03750e,Jota Z818 Zirkonya Elmas Frez - Mavi Kuşak (Standard) Zirkonya Disk Form Genel Preparasyon Frezi,9aca7a58-f546-4c12-acce-4ff4ead2caa3,JOT-Z818-FG-060,JOT-Z818-FG-060,Z818,FG,060,product_name.model|connection_type|diameter,already_normalized,No action needed.
JOT-Z838L-FG-014,already_normalized,01dceb19-17ec-4355-9f79-7b50e2d7b78e,Jota Z838L Zirkonya Elmas Frez - Mavi Kuşak (Standard) Zirkonya Uzun Silindirik Genel Preparasyon Frezi,e75f8045-9bed-4866-8676-15a82a41c8a1,JOT-Z838L-FG-014,JOT-Z838L-FG-014,Z838L,FG,014,product_name.model|connection_type|diameter,already_normalized,No action needed.
JOT-Z850-FFG-018,already_normalized,90cb8d7f-f05e-4749-8121-d55b3073a902,Jota Z850F Zirkonya Elmas Frez - Kırmızı Kuşak (İnce) Zirkonya İnce Konik Finishing Frezi,d39f1176-2130-47fe-af19-da541cab4971,JOT-Z850-FFG-018,JOT-Z850-FFG-018,Z850,FFG,018,product_name.model|connection_type|diameter,already_normalized,No action needed.
JOT-Z850-FG-016,already_normalized,6048141c-29c2-4e9b-bb7a-f5369bcb9979,Z850 Zirkonya Elmas Frez,9c88c359-53da-4e52-b7c3-895f8dfc6ab3,JOT-Z850-FG-016,JOT-Z850-FG-016,Z850,FG,016,manufacturer_ref.model|manufacturer_ref.holder|manufacturer_ref.diameter,already_normalized,No action needed.
JOT-Z850-FG-018,already_normalized,28d3c8e3-0597-4648-baca-eae5d3f8cabc,Jota Z850 Zirkonya Elmas Frez - Mavi Kuşak (Standard) Zirkonya İnce Konik Genel Preparasyon Frezi,9ea378c3-9148-42b4-9cad-5a7dd47c1c89,JOT-Z850-FG-018,JOT-Z850-FG-018,Z850,FG,018,product_name.model|connection_type|diameter,already_normalized,No action needed.
JOT-ZIR9861-FRA-040,already_normalized,87a8fdad-b248-4b9c-98df-323bc651ae11,Jota ZIR9861F Zirkonya Cilalama Ucu (Polisher) - Step 2,82046a11-1d7f-4f12-87e2-269bf6ee7723,JOT-ZIR9861-FRA-040,JOT-ZIR9861-FRA-040,ZIR9861,FRA,040,product_name.model|connection_type|diameter,already_normalized,No action needed.
JOT-ZIR9861M-RA-040,already_normalized,430b8a94-c1e3-4218-8b88-9eabbca2e68f,Jota ZIR9861M Zirkonya Cilalama Ucu (Polisher) - Step 1,79029996-af41-4b25-80c1-5b6ac36151ed,JOT-ZIR9861M-RA-040,JOT-ZIR9861M-RA-040,ZIR9861M,RA,040,product_name.model|connection_type|diameter,already_normalized,No action needed.
JOT-ZIR9863-FRA-014,already_normalized,753828ad-d34d-4d8f-b873-17d2b54a6935,Jota ZIR9863F Zirkonya Cilalama Ucu (Polisher) - Step 2,d941d901-510e-4ab6-ab9a-b8693b59f0a5,JOT-ZIR9863-FRA-014,JOT-ZIR9863-FRA-014,ZIR9863,FRA,014,product_name.model|connection_type|diameter,already_normalized,No action needed.
JOT-ZIR9863M-RA-014,already_normalized,34a66256-1b6c-47c8-972d-8ab962e9f037,Jota ZIR9863M Zirkonya Cilalama Ucu (Polisher) - Step 1,27d5a091-258b-46dc-86a9-5d9c06597b80,JOT-ZIR9863M-RA-014,JOT-ZIR9863M-RA-014,ZIR9863M,RA,014,product_name.model|connection_type|diameter,already_normalized,No action needed.
JOT-852-FG-014,seed_import_duplicate,9c08d72a-8ff9-4b97-bda6-742f6c37af53,852 Chamfer Elmas Frez,a953a6c0-9b0d-47ef-840b-2893bf4d0697,JOTA-852-FG-014,JOT-852-FG-014,852,FG,014,manufacturer_ref.model|manufacturer_ref.holder|manufacturer_ref.diameter,seed_import_duplicate,Likely seed/import overlap or family collision; choose one canonical row or manually merge/retire duplicates before applying.
JOT-859L-FG-012,seed_import_duplicate,f95a59f8-f373-4e8e-bd3c-f2b04e6d4f1d,859L Uzun Alev Elmas Frez,502a49cb-b3a2-4ae3-ac97-c3d2b71d3991,JOTA-859L-FG-012,JOT-859L-FG-012,859L,FG,012,manufacturer_ref.model|manufacturer_ref.holder|manufacturer_ref.diameter,seed_import_duplicate,Likely seed/import overlap or family collision; choose one canonical row or manually merge/retire duplicates before applying.
,missing_safe_diameter,03ddde4b-d678-4c6e-adbe-330ad44f11df,9805 Polisaj Frezi,c975c2e1-73ea-4776-a09e-f5dcc963d4ff,JOTA-9805G-RA,,9805,GRA,,manufacturer_ref.model|manufacturer_ref.holder|diameter,missing_safe_diameter,Confirm explicit diameter/size; do not infer from model number.
,missing_safe_diameter,03ddde4b-d678-4c6e-adbe-330ad44f11df,9805 Polisaj Frezi,7461a0e6-8ace-4267-a919-56a90104e923,JOTA-9805M-RA,,9805M,RA,,manufacturer_ref.model|manufacturer_ref.holder|diameter,missing_safe_diameter,Confirm explicit diameter/size; do not infer from model number.
,missing_model,5b36ab8a-58f7-4f76-b90b-db0128b40a76,CQ1 Karbit Frez,43fe662d-2117-4161-8b42-c3b2ac27f0ec,JOTA-CQ1-FG-010,,,FG,010,product_name.model|manufacturer_ref.holder|manufacturer_ref.diameter,missing_model,Add manufacturer_ref or product model code before SKU normalization.
,missing_model,dc02b343-fdcb-42e1-a51d-ff8695c912ab,LS9873F Polisaj Frezi,c4eecdd3-2907-49cb-b383-1d53310b3e8f,JOTA-LS9873F-RA,,,RA,,product_name.model|manufacturer_ref.holder|diameter,missing_model,Add manufacturer_ref or product model code before SKU normalization.