variant_id,product_name,current_sku,proposed_sku,model,grit,shaft,diameter,source_fields_used,safe_to_apply,reason
6a133184-e205-41c8-9888-af2709f0bfe0,Jota 895F Elmas Frez - Kırmızı Kuşak (İnce) Armut İnce Form Finishing Frezi,00d12820-cefe-43b5-b40e-6b9c4c20cbd4,JOT-895-FFG-016,895,F,FG,016,product_name.model|connection_type|diameter,true,safe_to_apply
9aca7a58-f546-4c12-acce-4ff4ead2caa3,Jota Z818 Zirkonya Elmas Frez - Mavi Kuşak (Standard) Zirkonya Disk Form Genel Preparasyon Frezi,014d102f-eed4-4227-90e9-ec19d8fd2463,JOT-Z818-FG-060,Z818,,FG,060,product_name.model|connection_type|diameter,true,safe_to_apply
e79b5af7-3ef0-4f44-83ec-eb9bd3e4c281,Jota 850 Elmas Frez - Mavi Kuşak (Standard) İnce Konik Genel Preparasyon Frezi,01eadaa2-9e0b-4c85-821e-f2d972965b45,JOT-850-FG-014,850,,FG,014,product_name.model|connection_type|diameter,true,safe_to_apply
50c7c98c-dc91-49f4-945b-c260491425de,Jota 801 Elmas Frez - Mavi Kuşak (Standard) Yuvarlak (Round) Genel Preparasyon Frezi,020877be-b50a-4257-b2bc-45197e7da53a,JOT-801-FG-016,801,,FG,016,product_name.model|connection_type|diameter,true,safe_to_apply
559ba98c-e0fd-46a0-ae41-ec7bc3d59d86,Jota 138 Elmas Frez - Mavi Kuşak (Standard) Mikro Yuvarlak Genel Preparasyon Frezi,02f389c5-663f-4b4a-97ab-1195eefbdc0a,JOT-138-FG-007,138,,FG,007,product_name.model|connection_type|diameter,true,safe_to_apply
278ed01c-c04c-4fa6-8377-0a70ba0b2862,Jota 848 Elmas Frez - Mavi Kuşak (Standard) Konik Genel Preparasyon Frezi,02fe62bd-2f4c-49db-b4f2-bc731234717c,JOT-848-FG-016,848,,FG,016,product_name.model|connection_type|diameter,true,safe_to_apply
4fbf3d66-2a10-4402-ba9c-2c649ba9b35a,Jota 801LG Elmas Frez - Yeşil Kuşak (Kaba) Uzun Boyunlu Yuvarlak (Long Neck Round) Hızlı Preparasyon Frezi,0642937f-4847-46dd-8759-1eb1005c0900,JOT-801L-GFG-012,801L,G,FG,012,product_name.model|connection_type|diameter,true,safe_to_apply
32973745-76dc-4099-9a42-6ec4477803ae,Jota 850G Elmas Frez - Yeşil Kuşak (Kaba) İnce Konik Hızlı Preparasyon Frezi,07a0b5b6-dd36-49ac-b86e-95759c022d44,JOT-850-GFG-014,850,G,FG,014,product_name.model|connection_type|diameter,true,safe_to_apply
7683b39f-6878-4dc9-a1ab-b3934c896da8,Jota 9829 Kompozit Cilalama Ucu (Polisher) - Step 1,089dd787-392e-4750-b803-5f66b3621f98,JOT-9829-RA-014,9829,,RA,014,product_name.model|connection_type|diameter,true,safe_to_apply
6f63d83e-ac81-4a75-81a3-320f059e5c06,Jota 837LG Elmas Frez - Yeşil Kuşak (Kaba) Uzun Silindirik Hızlı Preparasyon Frezi,092a034b-28a0-42d6-a0cf-552be10e20e5,JOT-837L-GFG-012,837L,G,FG,012,product_name.model|connection_type|diameter,true,safe_to_apply
3ab62005-d239-46b5-8d28-c63c8253fb1c,Jota 837L Elmas Frez - Mavi Kuşak (Standard) Uzun Silindirik Genel Preparasyon Frezi,09b2044e-ecbc-49cf-b5f6-450348fed7f3,JOT-837L-FG-016,837L,,FG,016,product_name.model|connection_type|diameter,true,safe_to_apply
4efefdc1-9f43-4bcd-9cee-e907da78137c,Jota 852F Elmas Frez - Kırmızı Kuşak (İnce) İğne / İnce Konik Finishing Frezi,0a2f87c0-4ef0-4c4d-979a-3f18be24f8cb,JOT-852-FFG-012,852,F,FG,012,product_name.model|connection_type|diameter,true,safe_to_apply
ced9688e-61c7-4269-a002-45cba329e015,Jota 862F Elmas Frez - Kırmızı Kuşak (İnce) Konik Finishing Frezi,0bffd456-bbfe-44dd-a740-4115b5177f48,JOT-862-FFG-012,862,F,FG,012,product_name.model|connection_type|diameter,true,safe_to_apply
da80deb2-5e61-4373-95b0-121b1ab43d39,Jota 661 Arkansas Ön Polisaj Frezi,0dd63434-d282-41fb-af5d-e3c39f5fe0d5,JOT-661-FG-025,661,,FG,025,product_name.model|connection_type|diameter,true,safe_to_apply
8b92b0b2-816d-4a30-95b8-a925df08f09d,Jota 881F Elmas Frez - Kırmızı Kuşak (İnce) Silindirik Düz Uç Finishing Frezi,0ed90828-e12e-4d68-92d3-bd49bd6cbfac,JOT-881-FFG-016,881,F,FG,016,product_name.model|connection_type|diameter,true,safe_to_apply
6ffc09c4-65d7-4ddc-98ec-e9106ee6faa4,Jota 9832 Kompozit Cilalama Ucu (Polisher) - Step 2,1153b4c8-6215-47f5-9fca-52a2198ba129,JOT-9832-RA-060,9832,,RA,060,product_name.model|connection_type|diameter,true,safe_to_apply
b2936649-b739-4c64-ad6c-71f251a9256a,Jota 9765F Kompozit Cilalama Ucu (Polisher) - Step 2,12d4b1a8-8af5-4199-9a04-51066e3f939b,JOT-9765-FRA-055,9765,F,RA,055,product_name.model|connection_type|diameter,true,safe_to_apply
8b9e5c39-ca51-4f2b-854d-75b4a95c2c70,Jota 805 Elmas Frez - Mavi Kuşak (Standard) Ters Konik (Inverted Cone) Genel Preparasyon Frezi,13ed9313-cab1-4b7f-85e8-aee66c415e8c,JOT-805-FG-012,805,,FG,012,product_name.model|connection_type|diameter,true,safe_to_apply
5f77e25e-6827-4408-9990-5fdab7734baf,Jota 863G Elmas Frez - Yeşil Kuşak (Kaba) Alev / Uzun Konik Hızlı Preparasyon Frezi,142640a8-6ac6-4e19-a095-f1c9c9d757b5,JOT-863-GFG-016,863,G,FG,016,product_name.model|connection_type|diameter,true,safe_to_apply
d4276260-3552-41a5-b04f-f222b2f347ed,Jota 801G Elmas Frez - Yeşil Kuşak (Kaba) Yuvarlak (Round) Hızlı Preparasyon Frezi,14e47bfb-0e4b-409e-9974-e449548a4721,JOT-801-GFG-014,801,G,FG,014,product_name.model|connection_type|diameter,true,safe_to_apply
e113f113-57be-472c-abc4-7f96b365250c,Jota 859LF Elmas Frez - Kırmızı Kuşak (İnce) Extra Uzun İğne Finishing Frezi,1881f058-a422-4c8d-b449-aaf1e459c790,JOT-859L-FFG-014,859L,F,FG,014,product_name.model|connection_type|diameter,true,safe_to_apply
1223f305-4395-48b1-9875-e87511317c31,Jota 9837 Kompozit Cilalama Ucu (Polisher) - Step 2,19213202-2bc9-4e2e-b90c-bc7135e8e733,JOT-9837-RA-014,9837,,RA,014,product_name.model|connection_type|diameter,true,safe_to_apply
b0560879-a498-4a0d-9746-e6a294f2f58d,Jota 862G Elmas Frez - Yeşil Kuşak (Kaba) Konik Hızlı Preparasyon Frezi,1a5bdb3d-7e23-4de8-b7dd-484ed9c9d187,JOT-862-GFG-012,862,G,FG,012,product_name.model|connection_type|diameter,true,safe_to_apply
cf2ec71f-d21a-4ba9-ba53-a51cd6f0055e,Jota 859EF Elmas Frez - Sarı Extra İnce Uzun İğne Elmas Frez,1d177198-1cb9-4050-b9f0-89b6d42b04e3,JOT-859-EFFG-014,859,EF,FG,014,product_name.model|connection_type|diameter,true,safe_to_apply
0d2d83d5-1d05-479f-aef6-7c667669b497,Jota 801G Elmas Frez - Yeşil Kuşak (Kaba) Yuvarlak (Round) Hızlı Preparasyon Frezi,1ef9ae92-1af3-4ca5-8a27-8711fc50acab,JOT-801-GFG-018,801,G,FG,018,product_name.model|connection_type|diameter,true,safe_to_apply
aa0783fd-b43b-4332-be9b-50a7754a789a,Jota 868F Elmas Frez - Kırmızı Kuşak (İnce) İnce Konik Finishing Frezi,1f4ca112-bfe5-4095-ab5a-119e609cb886,JOT-868-FFG-014,868,F,FG,014,product_name.model|connection_type|diameter,true,safe_to_apply
d9baa2e4-cd47-44b4-ab54-29a27625d062,Jota 601 Arkansas Ön Polisaj Frezi,21d24d80-a9e4-47cc-ac16-9d238bb3db9a,JOT-601-FG-030,601,,FG,030,product_name.model|connection_type|diameter,true,safe_to_apply
b698b0c5-ed1f-4076-a709-77ff6a861fd3,Jota 881 Elmas Frez - Mavi Kuşak (Standard) Silindirik Düz Uç Genel Preparasyon Frezi,23f33c13-353b-49ac-8c1f-7a96e17d2fbb,JOT-881-FG-014,881,,FG,014,product_name.model|connection_type|diameter,true,safe_to_apply
7139ef80-d45b-4eb7-b853-9d0a3083b54c,Jota 850 Elmas Frez - Mavi Kuşak (Standard) İnce Konik Genel Preparasyon Frezi,255111c4-314b-4a82-9ef1-efb2920a4b3f,JOT-850-FG-016,850,,FG,016,product_name.model|connection_type|diameter,true,safe_to_apply
f5b2737b-e66c-4667-b697-abd417dc1851,Jota 801LG Elmas Frez - Yeşil Kuşak (Kaba) Uzun Boyunlu Yuvarlak (Long Neck Round) Hızlı Preparasyon Frezi,26271d90-577d-4d12-b138-11946ebd3870,JOT-801L-GFG-014,801L,G,FG,014,product_name.model|connection_type|diameter,true,safe_to_apply
abf66cea-94f0-4b93-815a-033ea6e89fd4,Jota 833 Elmas Frez - Mavi Kuşak (Standard) Armut / Torpido Genel Preparasyon Frezi,2b310db6-6377-42bc-8cf6-088df12e0711,JOT-833-FG-023,833,,FG,023,product_name.model|connection_type|diameter,true,safe_to_apply
2b819826-c25a-49f2-b555-26f29f276dc6,Jota 801G Elmas Frez - Yeşil Kuşak (Kaba) Yuvarlak (Round) Hızlı Preparasyon Frezi,2d815605-dbad-4f90-b704-96ae80c7b028,JOT-801-GFG-012,801,G,FG,012,product_name.model|connection_type|diameter,true,safe_to_apply
ec986d0a-ff6b-4220-b894-2579dd11718c,Jota 834 Elmas Frez - Mavi Kuşak (Lamine) Mikro Silindirik Genel Preparasyon Frezi,325e2877-d6a2-4093-bd52-563aa36730b7,JOT-834-FG-016,834,,FG,016,product_name.model|connection_type|diameter,true,safe_to_apply
136164c4-a5f6-44ca-ab86-def061e57083,Jota 9812M Seramik Cilalama Ucu (Polisher) - Step 2,329785e5-1321-4868-b4f9-b8c2fba55f74,JOT-9812M-RA-040,9812M,,RA,040,product_name.model|connection_type|diameter,true,safe_to_apply
4fd940e4-3255-4b21-adb0-b25dfb8cf9d5,Jota 859LF Elmas Frez - Kırmızı Kuşak (İnce) Extra Uzun İğne Finishing Frezi,335bbd07-02c5-47a2-a4c9-070bc3ba5c1c,JOT-859L-FFG-010,859L,F,FG,010,product_name.model|connection_type|diameter,true,safe_to_apply
e1029d39-168c-456e-8236-2c9ece4f6f48,Jota 831F Elmas Frez - Kırmızı Kuşak (İnce) Alev / İnce Form Finishing Frezi,35138649-41af-44db-8613-db703de0cceb,JOT-831-FFG-016,831,F,FG,016,product_name.model|connection_type|diameter,true,safe_to_apply
8b2d0c4c-c764-4284-972f-7f9b88882754,Jota 830EF Elmas Frez - Sarı Extra İnce Alev (Flame) Elmas Frez,36120515-ad97-4c31-9454-bfbb4ff1de8d,JOT-830-EFFG-018,830,EF,FG,018,product_name.model|connection_type|diameter,true,safe_to_apply
efe55d9f-93ea-4237-818b-1028d1c9d7fc,Jota 9805M Seramik Cilalama Ucu (Polisher) - Step 2,363396fe-f766-4d8b-a891-7011c92c8d24,JOT-9805M-RA-014,9805M,,RA,014,product_name.model|connection_type|diameter,true,safe_to_apply
c3f2187f-5ece-4101-affd-b02e0cd625c4,Jota 850F Elmas Frez - Kırmızı Kuşak (İnce) İnce Konik Finishing Frezi,36e13f36-e985-4f93-96db-8da4a20b7b87,JOT-850-FFG-016,850,F,FG,016,product_name.model|connection_type|diameter,true,safe_to_apply
7965a287-00d3-40b3-8d5f-b3b116661630,Jota 852 Elmas Frez - Mavi Kuşak (Standard) İğne / İnce Konik Genel Preparasyon Frezi,3786ac84-e162-4df1-9f55-94033ea48cc4,JOT-852-FG-018,852,,FG,018,product_name.model|connection_type|diameter,true,safe_to_apply
150a1918-23c3-4fb4-917d-23a7e38b928b,Jota 863G Elmas Frez - Yeşil Kuşak (Kaba) Alev / Uzun Konik Hızlı Preparasyon Frezi,3d75fcb4-f691-4f96-9a3d-64be41cbe608,JOT-863-GFG-012,863,G,FG,012,product_name.model|connection_type|diameter,true,safe_to_apply
55713219-a10c-4dab-9cec-b88ce96dbb73,Jota 830G Elmas Frez - Yeşil Kuşak (Kaba) Alev (Flame) Hızlı Preparasyon Frezi,3d7f7304-9058-4039-8922-f5c94bb077aa,JOT-830-GFG-023,830,G,FG,023,product_name.model|connection_type|diameter,true,safe_to_apply
5968109a-c65c-4290-ab6b-c3b663fbde9c,Jota 801LG Elmas Frez - Yeşil Kuşak (Kaba) Uzun Boyunlu Yuvarlak (Long Neck Round) Hızlı Preparasyon Frezi,3d99ee50-7a9d-49a6-a947-e1470f58b9f7,JOT-801L-GFG-016,801L,G,FG,016,product_name.model|connection_type|diameter,true,safe_to_apply
881ff9d5-2955-429d-b50e-8c1bdb44e157,Jota 801 Elmas Frez - Mavi Kuşak (Standard) Yuvarlak (Round) Genel Preparasyon Frezi,3e550321-fba2-45c9-b5ca-f195118e4e19,JOT-801-FG-018,801,,FG,018,product_name.model|connection_type|diameter,true,safe_to_apply
24d66a59-3fa4-4b7a-93a5-b6df54e4825d,Jota 833EF Elmas Frez - Sarı Extra İnce Armut / Torpido Elmas Frez,403c1cab-a0de-4d92-b41a-b546841a1c44,JOT-833-EFFG-023,833,EF,FG,023,product_name.model|connection_type|diameter,true,safe_to_apply
d0bd779f-a1d8-4779-aa9a-227b1c32e707,Jota 859L Elmas Frez - Mavi Kuşak (Standard) Extra Uzun İğne Genel Preparasyon Frezi,4051c09f-d70f-487d-a4d9-3740335eff6a,JOT-859L-FG-014,859L,,FG,014,product_name.model|connection_type|diameter,true,safe_to_apply
bb95af0b-3189-4b3e-b1e7-f3a7a985d533,Jota 830F Elmas Frez - Kırmızı Kuşak (İnce) Alev (Flame) Finishing Frezi,429c17b9-6f9f-4850-824f-b49b2fafd8ea,JOT-830-FFG-021,830,F,FG,021,product_name.model|connection_type|diameter,true,safe_to_apply
088eef84-a3cf-4af4-90ee-2d0b2cac4d22,Jota 830 Elmas Frez - Mavi Kuşak (Standard) Alev (Flame) Genel Preparasyon Frezi,448b4815-8eef-49b0-af84-04f10aef3ab0,JOT-830-FG-021,830,,FG,021,product_name.model|connection_type|diameter,true,safe_to_apply
c00f1588-f158-40f9-bea7-69cf45bfcac3,Jota 801L Elmas Frez - Mavi Kuşak (Standard) Uzun Boyunlu Yuvarlak (Long Neck Round) Genel Preparasyon Frezi,47158311-584b-4852-bbe5-11a3aa7be8fb,JOT-801L-FG-016,801L,,FG,016,product_name.model|connection_type|diameter,true,safe_to_apply
92454c1a-2276-4206-83cd-8ca38236dfcb,Jota 820F Elmas Frez - Kırmızı Kuşak (İnce) Tomurcuk / Fine Finishing Frezi,47bcfa5b-93b0-404c-ba0e-659ff69e58d0,JOT-820-FFG-016,820,F,FG,016,product_name.model|connection_type|diameter,true,safe_to_apply
8fcd927e-f012-4fbb-bec4-025b4669302f,Jota 9813G Seramik Cilalama Ucu (Polisher) - Step 1,4b54a96b-1e3d-479b-9992-6b7054ae093f,JOT-9813-GRA-060,9813,G,RA,060,product_name.model|connection_type|diameter,true,safe_to_apply
bc06bf73-3c00-4e12-82bc-dd22d07c83fa,Jota 881F Elmas Frez - Kırmızı Kuşak (İnce) Silindirik Düz Uç Finishing Frezi,4bbaf21b-42bb-4698-95c0-f703a7fed08e,JOT-881-FFG-014,881,F,FG,014,product_name.model|connection_type|diameter,true,safe_to_apply
638dceac-0c51-481b-a97a-abbb25b793b9,Jota 801G Elmas Frez - Yeşil Kuşak (Kaba) Yuvarlak (Round) Hızlı Preparasyon Frezi,4c455868-9770-4e4f-aebd-9e86da7988b6,JOT-801-GFG-016,801,G,FG,016,product_name.model|connection_type|diameter,true,safe_to_apply
30e3e59b-ff6b-4358-80f5-f6d45b295117,Jota 833G Elmas Frez - Yeşil Kuşak (Kaba) Armut / Torpido Hızlı Preparasyon Frezi,513b886f-7601-45b5-b633-c9fbca2a0656,JOT-833-GFG-023,833,G,FG,023,product_name.model|connection_type|diameter,true,safe_to_apply
6ed86787-bbde-42fa-80a1-24ab5c3aa1df,Jota 837L Elmas Frez - Mavi Kuşak (Standard) Uzun Silindirik Genel Preparasyon Frezi,5179095c-ba2f-4e50-8684-d9bc9de580a9,JOT-837L-FG-012,837L,,FG,012,product_name.model|connection_type|diameter,true,safe_to_apply
5c32960d-aab9-427d-a6b0-ed9e08ba0c59,Jota 852 Elmas Frez - Mavi Kuşak (Standard) İğne / İnce Konik Genel Preparasyon Frezi,539fcc11-2663-492e-94fd-c616799a5268,JOT-852-FG-014,852,,FG,014,product_name.model|connection_type|diameter,true,safe_to_apply
79029996-af41-4b25-80c1-5b6ac36151ed,Jota ZIR9861M Zirkonya Cilalama Ucu (Polisher) - Step 1,55317fa3-d478-42c2-a49e-fb8a8c559ebc,JOT-ZIR9861M-RA-040,ZIR9861M,,RA,040,product_name.model|connection_type|diameter,true,safe_to_apply
de65d55b-c386-4f71-b7e5-a393b03eb898,Jota 833F Elmas Frez - Kırmızı Kuşak (İnce) Armut / Torpido Finishing Frezi,55874fde-0e7e-4ee2-87df-f768ea90e9ac,JOT-833-FFG-014,833,F,FG,014,product_name.model|connection_type|diameter,true,safe_to_apply
c9d783e3-5099-44e1-802e-37bb6e25dca0,Jota 863SG Elmas Frez - Siyah Kuşak (Süper Kaba) Alev / Uzun Konik Agresif Preparasyon Frezi,55d1ca4d-f455-48f3-9bae-76bb768a788f,JOT-863-SGFG-016,863,SG,FG,016,product_name.model|connection_type|diameter,true,safe_to_apply
f48cc34c-1f24-4b69-bc97-30e15dd68bc1,Jota 868G Elmas Frez - Yeşil Kuşak (Kaba) İnce Konik Hızlı Preparasyon Frezi,592badf4-614a-4b91-adde-a426f780a453,JOT-868-GFG-014,868,G,FG,014,product_name.model|connection_type|diameter,true,safe_to_apply
2d9be36e-7a3f-470d-b755-0b5ff234136a,Jota Z801L Zirkonya Elmas Frez - Mavi Kuşak (Standard) Zirkonya Uzun Boyunlu Yuvarlak Genel Preparasyon Frezi,5bec6d14-9367-4db8-b523-3481e8ea3c66,JOT-Z801L-FG-014,Z801L,,FG,014,product_name.model|connection_type|diameter,true,safe_to_apply
69282611-9cbf-4f21-9a68-82993e7db19d,Jota 859L Elmas Frez - Mavi Kuşak (Standard) Extra Uzun İğne Genel Preparasyon Frezi,5d511f15-c17a-4853-8e2d-e2806fb7c76c,JOT-859L-FG-010,859L,,FG,010,product_name.model|connection_type|diameter,true,safe_to_apply
a7d94f2c-938d-4bf7-93eb-ce4563ff3c8d,Jota 9150 Universal Cilalama Ucu (Polisher),5e082122-68c8-4765-801c-da6b7dd133c2,JOT-9150-RA-014,9150,,RA,014,product_name.model|connection_type|diameter,true,safe_to_apply
a52ebd4b-77bf-4746-a9f9-c49d0012cb61,Jota 9813F Seramik Cilalama Ucu (Polisher) - Step 3,5e25fb1f-e5ee-49a4-8c20-3e56e1ee7cc6,JOT-9813-FRA-060,9813,F,RA,060,product_name.model|connection_type|diameter,true,safe_to_apply
8a5d696b-d6a9-4aa4-8d48-f5604adfd08d,Jota 868G Elmas Frez - Yeşil Kuşak (Kaba) İnce Konik Hızlı Preparasyon Frezi,61fb4e58-6af8-4352-98b0-4116579fc7d1,JOT-868-GFG-012,868,G,FG,012,product_name.model|connection_type|diameter,true,safe_to_apply
3ddd6dad-06d2-4313-ae8e-94b133978987,Jota 862EF Elmas Frez - Sarı Extra İnce Konik Elmas Frez,6215f0c4-babe-4e19-a028-4f3e7ab3536f,JOT-862-EFFG-014,862,EF,FG,014,product_name.model|connection_type|diameter,true,safe_to_apply
cf0a32b1-5146-4b8a-855e-ada65afb6d3a,Jota 852 Elmas Frez - Mavi Kuşak (Standard) İğne / İnce Konik Genel Preparasyon Frezi,63585007-0ba6-4139-90b2-63a4561ccef1,JOT-852-FG-012,852,,FG,012,product_name.model|connection_type|diameter,true,safe_to_apply
5b9ee31e-e718-462a-9489-d3b8b7ae67f7,Jota 859LF Elmas Frez - Kırmızı Kuşak (İnce) Extra Uzun İğne Finishing Frezi,66178422-84de-4381-917f-3fe93c5dfcc1,JOT-859L-FFG-012,859L,F,FG,012,product_name.model|connection_type|diameter,true,safe_to_apply
8cdcf42c-ece8-4c98-befd-96fb7d15d041,Jota 830 Elmas Frez - Mavi Kuşak (Standard) Alev (Flame) Genel Preparasyon Frezi,661ba5a4-0b49-4a0c-be70-3449a490dc62,JOT-830-FG-018,830,,FG,018,product_name.model|connection_type|diameter,true,safe_to_apply
94be1dc0-3c41-47c2-86b5-bab8a5c9b7a0,Jota 9805G Seramik Cilalama Ucu (Polisher) - Step 1,67ad514a-b79f-4e76-a6b8-ea699a1be5ab,JOT-9805-GRA-014,9805,G,RA,014,product_name.model|connection_type|diameter,true,safe_to_apply
ef9d9d7f-7bec-4ad4-bfd5-47f1532e05c9,Jota 9501G Metal Cilalama Ucu (Polisher) - Step 1,68372ceb-99f9-47af-8919-71cd272a702e,JOT-9501-GRA-030,9501,G,RA,030,product_name.model|connection_type|diameter,true,safe_to_apply
2853878d-2990-4b40-9908-fd278e7177b3,Jota 9812F Seramik Cilalama Ucu (Polisher) - Step 3,6aa7b674-9322-4407-8822-705721a284e4,JOT-9812-FRA-040,9812,F,RA,040,product_name.model|connection_type|diameter,true,safe_to_apply
3da68833-b154-4dd4-bdb1-40c2526eb387,Jota 9828 Kompozit Cilalama Ucu (Polisher) - Step 1,6bfee26f-109a-4d34-aaed-846257c570b0,JOT-9828-RA-040,9828,,RA,040,product_name.model|connection_type|diameter,true,safe_to_apply
f9becc86-2ca3-4a7a-bfbb-17adba1fa3fc,Jota 881F Elmas Frez - Kırmızı Kuşak (İnce) Silindirik Düz Uç Finishing Frezi,6e1c9d61-8b0a-4494-a8d0-4797e7020014,JOT-881-FFG-012,881,F,FG,012,product_name.model|connection_type|diameter,true,safe_to_apply
1e459799-54cf-4062-ab1d-e77f145c77d8,Jota 851L Elmas Frez - Mavi Kuşak (Standard) Uzun İnce Konik Genel Preparasyon Frezi,6e64b3d1-e4bd-4f97-bb8d-5b37e1adc900,JOT-851L-FG-016,851L,,FG,016,product_name.model|connection_type|diameter,true,safe_to_apply
81d1e5ba-ecc9-4978-aeef-c951459010b8,Jota 805 Elmas Frez - Mavi Kuşak (Standard) Ters Konik (Inverted Cone) Genel Preparasyon Frezi,702cb1aa-1b59-420e-afff-bd0d402c0c47,JOT-805-FG-016,805,,FG,016,product_name.model|connection_type|diameter,true,safe_to_apply
f5c3f77c-6bdd-41ee-b543-e981cd0b0408,Jota 881G Elmas Frez - Yeşil Kuşak (Kaba) Silindirik Düz Uç Hızlı Preparasyon Frezi,72b9e414-0da4-4f1c-979b-e43eee103337,JOT-881-GFG-014,881,G,FG,014,product_name.model|connection_type|diameter,true,safe_to_apply
a80c1aee-6371-4ffd-8e88-ae9d538cbd1e,Jota 830EF Elmas Frez - Sarı Extra İnce Alev (Flame) Elmas Frez,73af8d10-56ee-4dce-b4f7-6d05d2fd277d,JOT-830-EFFG-023,830,EF,FG,023,product_name.model|connection_type|diameter,true,safe_to_apply
71d17829-907a-41c6-bc68-a4be172484a0,Jota 801G Elmas Frez - Yeşil Kuşak (Kaba) Yuvarlak (Round) Hızlı Preparasyon Frezi,7544f494-15fb-49ee-bf4f-80e9fd48d4d5,JOT-801-GFG-023,801,G,FG,023,product_name.model|connection_type|diameter,true,safe_to_apply
64372a8c-1c25-415f-b793-22e2683d5420,Jota 666 Arkansas Ön Polisaj Frezi,7563508f-b459-433b-9b18-89a25592be9d,JOT-666-FG-025,666,,FG,025,product_name.model|connection_type|diameter,true,safe_to_apply
44a4f7d6-fb38-4509-adaf-c34e31b00e39,Jota 862F Elmas Frez - Kırmızı Kuşak (İnce) Konik Finishing Frezi,75fd3287-c8a0-44ac-a00b-3975d40e93d9,JOT-862-FFG-014,862,F,FG,014,product_name.model|connection_type|diameter,true,safe_to_apply
05a14ef9-efc8-4a2d-89ae-60d4b3a1702d,Jota 830 Elmas Frez - Mavi Kuşak (Standard) Alev (Flame) Genel Preparasyon Frezi,7a5a84fa-526e-4654-a3bf-5526942997ba,JOT-830-FG-023,830,,FG,023,product_name.model|connection_type|diameter,true,safe_to_apply
cb1fd637-7f2a-4914-8a5a-1004521c6dca,Jota 835 Elmas Frez - Mavi Kuşak (Standard) Silindirik Genel Preparasyon Frezi,7b978ef2-6a2d-4657-8ad1-f3aa997e1147,JOT-835-FG-010,835,,FG,010,product_name.model|connection_type|diameter,true,safe_to_apply
f4e5e559-504c-4768-b9b7-998b8d69f86c,Jota 863 Elmas Frez - Mavi Kuşak (Standard) Alev / Uzun Konik Genel Preparasyon Frezi,7d92f9df-2806-487f-ab99-79f2861d55f8,JOT-863-FG-012,863,,FG,012,product_name.model|connection_type|diameter,true,safe_to_apply
2475c547-3743-42d8-9620-b813b5e2d5ec,Jota 835 Elmas Frez - Mavi Kuşak (Standard) Silindirik Genel Preparasyon Frezi,7ed30312-ee8c-4234-af10-c9d1150f2df5,JOT-835-FG-012,835,,FG,012,product_name.model|connection_type|diameter,true,safe_to_apply
8c5f980f-5ce6-4302-bb48-cfc3e9202108,Jota 859 Elmas Frez - Mavi Kuşak (Standard) Uzun İğne Genel Preparasyon Frezi,80c4c8c4-4d3a-452c-9cff-41016d66d5fd,JOT-859-FG-012,859,,FG,012,product_name.model|connection_type|diameter,true,safe_to_apply
6df848dc-bb3b-4605-a9a8-4bfb4daef929,Jota 830F Elmas Frez - Kırmızı Kuşak (İnce) Alev (Flame) Finishing Frezi,81787aae-6994-4202-aff8-13808729760c,JOT-830-FFG-023,830,F,FG,023,product_name.model|connection_type|diameter,true,safe_to_apply
22119525-e0c8-4786-91b3-d865c6f8531f,Jota 863EF Elmas Frez - Sarı Extra İnce Alev / Uzun Konik Elmas Frez,83d2b97c-c97c-4fa8-85ef-784c9e64da99,JOT-863-EFFG-012,863,EF,FG,012,product_name.model|connection_type|diameter,true,safe_to_apply
2bdbd767-83ff-4845-8e37-b5a5bb74ae64,Jota 862F Elmas Frez - Kırmızı Kuşak (İnce) Konik Finishing Frezi,84d98d7c-9f8c-4e72-be3d-8a2db7763c18,JOT-862-FFG-010,862,F,FG,010,product_name.model|connection_type|diameter,true,safe_to_apply
a1e4503d-e0b8-4d89-a209-24a4971f8a71,Jota 801SG Elmas Frez - Siyah Kuşak (Süper Kaba) Yuvarlak (Round) Agresif Preparasyon Frezi,8551e9ee-e163-4051-b2ed-7c7fc4938801,JOT-801-SGFG-016,801,SG,FG,016,product_name.model|connection_type|diameter,true,safe_to_apply
c583d9c5-d94c-418f-89e2-c44262cfb675,Jota 850G Elmas Frez - Yeşil Kuşak (Kaba) İnce Konik Hızlı Preparasyon Frezi,85ccaa5f-cb34-4abc-a2e4-f587d07fd631,JOT-850-GFG-016,850,G,FG,016,product_name.model|connection_type|diameter,true,safe_to_apply
1f43bb08-9b6f-4929-add3-7fce2abb19d4,Jota 801SG Elmas Frez - Siyah Kuşak (Süper Kaba) Yuvarlak (Round) Agresif Preparasyon Frezi,85ffb91e-a7b3-493a-bb1d-6b92fe663829,JOT-801-SGFG-021,801,SG,FG,021,product_name.model|connection_type|diameter,true,safe_to_apply
cf295e63-b70f-4637-8ebf-9f09023a2f27,Jota 808 Elmas Frez - Mavi Kuşak (Standard) Ters Konik (Inverted Cone) Genel Preparasyon Frezi,862e5a45-b907-4952-b271-c9911189f16a,JOT-808-FG-012,808,,FG,012,product_name.model|connection_type|diameter,true,safe_to_apply
d1f2fd4a-8660-4082-8781-ad2a1e18afdc,Jota 859F Elmas Frez - Kırmızı Kuşak (İnce) Uzun İğne Finishing Frezi,86f9fd8a-5e96-4995-a2a5-4848ce29d2f3,JOT-859-FFG-012,859,F,FG,012,product_name.model|connection_type|diameter,true,safe_to_apply
b1b184b9-16f1-4b17-a5e7-9990f5d12049,Jota 850F Elmas Frez - Kırmızı Kuşak (İnce) İnce Konik Finishing Frezi,876b334d-fe6b-4a0b-8204-a394437fb967,JOT-850-FFG-018,850,F,FG,018,product_name.model|connection_type|diameter,true,safe_to_apply
a422b730-8edd-411b-8bd0-24e7d02c2224,Jota 837LG Elmas Frez - Yeşil Kuşak (Kaba) Uzun Silindirik Hızlı Preparasyon Frezi,87b8a3c5-9dd3-4fca-a1d0-59d93d1f7a68,JOT-837L-GFG-014,837L,G,FG,014,product_name.model|connection_type|diameter,true,safe_to_apply
55ab26e4-ed87-4df1-a02d-62f1698ada1f,Jota 805 Elmas Frez - Mavi Kuşak (Standard) Ters Konik (Inverted Cone) Genel Preparasyon Frezi,87c8b739-fc76-4c42-bff0-3f8859776e31,JOT-805-FG-014,805,,FG,014,product_name.model|connection_type|diameter,true,safe_to_apply
d923b144-d273-4fb8-8e5b-9df817ee7bf9,Jota 801G Elmas Frez - Yeşil Kuşak (Kaba) Yuvarlak (Round) Hızlı Preparasyon Frezi,88b07440-fad6-4a3e-acf6-c5e2c362ac12,JOT-801-GFG-021,801,G,FG,021,product_name.model|connection_type|diameter,true,safe_to_apply
099d1075-dff1-4875-b50a-f529d5b31a31,Jota 9825 Kompozit Cilalama Ucu (Polisher) - Step 1,88ccbc6e-a2eb-4d76-91a3-d221d30928a3,JOT-9825-RA-030,9825,,RA,030,product_name.model|connection_type|diameter,true,safe_to_apply
68e3dcae-7c0d-425c-8765-eedb855d88d4,Jota 859 Elmas Frez - Mavi Kuşak (Standard) Uzun İğne Genel Preparasyon Frezi,8b798fb2-e404-452b-b0be-217b0126399d,JOT-859-FG-010,859,,FG,010,product_name.model|connection_type|diameter,true,safe_to_apply
ca9a7862-94b5-4dc5-87e6-fb143fc4e1b9,Jota 9831 Kompozit Cilalama Ucu (Polisher) - Step 2,8d669793-c005-42d3-90a9-0ee505b56203,JOT-9831-RA-030,9831,,RA,030,product_name.model|connection_type|diameter,true,safe_to_apply
881a5e81-e256-4f20-8b57-186641235d96,Jota 850F Elmas Frez - Kırmızı Kuşak (İnce) İnce Konik Finishing Frezi,8e43f395-4b16-40f7-9d99-c7a2b8d2311e,JOT-850-FFG-014,850,F,FG,014,product_name.model|connection_type|diameter,true,safe_to_apply
7bafaae5-92eb-4475-88d8-33e99842f775,Jota 558F Elmas Frez - Kırmızı Kuşak (İnce) Silindirik Uzun Finishing Frezi,8e5f67da-896e-41e6-b34c-84d70fb7a025,JOT-558-FFG-013,558,F,FG,013,product_name.model|connection_type|diameter,true,safe_to_apply
92b21632-a638-4031-9aa7-35a70ec610fe,Jota 852G Elmas Frez - Yeşil Kuşak (Kaba) İğne / İnce Konik Hızlı Preparasyon Frezi,8e6a57be-dc0c-4460-9c23-408f049a491e,JOT-852-GFG-012,852,G,FG,012,product_name.model|connection_type|diameter,true,safe_to_apply
02f64484-65b0-446a-81d7-57e23ca57da0,Jota 801G Elmas Frez - Yeşil Kuşak (Kaba) Yuvarlak (Round) Hızlı Preparasyon Frezi,8f1c3c77-2801-4c1d-82e0-3b48ae475e90,JOT-801-GFG-010,801,G,FG,010,product_name.model|connection_type|diameter,true,safe_to_apply
35412154-4017-4460-972a-29eb341cb53b,Jota 837D Elmas Frez - Mavi Kuşak (Standard) Disk Form Genel Preparasyon Frezi,8f24d4d7-ab00-4214-bfa6-1a949e3cf075,JOT-837D-FG-014,837D,,FG,014,product_name.model|connection_type|diameter,true,safe_to_apply
d941d901-510e-4ab6-ab9a-b8693b59f0a5,Jota ZIR9863F Zirkonya Cilalama Ucu (Polisher) - Step 2,8f3d1789-029c-4d89-9bc3-3690c6608541,JOT-ZIR9863-FRA-014,ZIR9863,F,RA,014,product_name.model|connection_type|diameter,true,safe_to_apply
b5efee15-79eb-41fd-9a81-82ec5ea9b076,Jota 830F Elmas Frez - Kırmızı Kuşak (İnce) Alev (Flame) Finishing Frezi,8f447935-e661-4a05-b70c-2f521957d2b3,JOT-830-FFG-018,830,F,FG,018,product_name.model|connection_type|diameter,true,safe_to_apply
26cc92a2-c7cd-47d5-a75c-2b30d644cdfc,Jota 6198 Arkansas Ön Polisaj Frezi,8fd9bf87-2f47-4ab7-b281-756c94b62712,JOT-6198-FG-023,6198,,FG,023,product_name.model|connection_type|diameter,true,safe_to_apply
e2c97b48-d936-4165-b65e-138025a56656,Jota 830EF Elmas Frez - Sarı Extra İnce Alev (Flame) Elmas Frez,918e0fca-7f7a-4ed0-af4e-445fa2a6c71d,JOT-830-EFFG-021,830,EF,FG,021,product_name.model|connection_type|diameter,true,safe_to_apply
edfa5d17-0858-4565-987c-4874bc7f0182,Jota 9765M Kompozit Cilalama Ucu (Polisher) - Step 1,919141d1-85a2-4bfa-bb85-a8dc3fa675ba,JOT-9765M-RA-055,9765M,,RA,055,product_name.model|connection_type|diameter,true,safe_to_apply
0c36669f-d6bf-4724-9741-1d6bf476e238,Jota 848 Elmas Frez - Mavi Kuşak (Standard) Konik Genel Preparasyon Frezi,953d4120-fdbe-499d-8695-ade4554c09b3,JOT-848-FG-014,848,,FG,014,product_name.model|connection_type|diameter,true,safe_to_apply
eb0530ba-03e1-450c-a38d-6c27d0dece4f,Jota 9805F Seramik Cilalama Ucu (Polisher) - Step 3,95beadfd-0bed-4a30-a18b-109f27ca8612,JOT-9805-FRA-014,9805,F,RA,014,product_name.model|connection_type|diameter,true,safe_to_apply
2fbdbdcc-ca7f-48d8-a213-df8ace428026,Jota 890F Elmas Frez - Kırmızı Kuşak (İnce) Alev / İnce Uçlu Finishing Frezi,960a26be-61ba-4b64-8a19-ce946ebe6703,JOT-890-FFG-010,890,F,FG,010,product_name.model|connection_type|diameter,true,safe_to_apply
5224c35c-88b8-4c5f-a8fd-f153179d318c,Jota 852SG Elmas Frez - Siyah Kuşak (Süper Kaba) İğne / İnce Konik Agresif Preparasyon Frezi,9618160e-e3f1-4452-ab17-bcb6bc926e38,JOT-852-SGFG-014,852,SG,FG,014,product_name.model|connection_type|diameter,true,safe_to_apply
f09960b3-5b74-40bf-8f6a-5ad14b881364,Jota 881SG Elmas Frez - Siyah Kuşak (Süper Kaba) Silindirik Düz Uç Agresif Preparasyon Frezi,96feb7b2-1a15-4cdb-ac76-d51efafb799c,JOT-881-SGFG-012,881,SG,FG,012,product_name.model|connection_type|diameter,true,safe_to_apply
ae549d68-9523-41a3-8a54-51741deac9ad,Jota 868 Elmas Frez - Mavi Kuşak (Standard) İnce Konik Genel Preparasyon Frezi,9a2ad6a2-08aa-4197-be29-530f293f5a83,JOT-868-FG-012,868,,FG,012,product_name.model|connection_type|diameter,true,safe_to_apply
f1cfc654-6437-44db-9249-2af8f2b1e443,Jota 859F Elmas Frez - Kırmızı Kuşak (İnce) Uzun İğne Finishing Frezi,9a64790b-aeac-462e-a74e-2a84e821a0a0,JOT-859-FFG-014,859,F,FG,014,product_name.model|connection_type|diameter,true,safe_to_apply
fc96c644-78f3-4ca2-9650-964bec53da3a,Jota 848 Elmas Frez - Mavi Kuşak (Standard) Konik Genel Preparasyon Frezi,9b170874-11be-4167-9232-298ffd509780,JOT-848-FG-018,848,,FG,018,product_name.model|connection_type|diameter,true,safe_to_apply
2e88e9f5-a7b5-4d4b-98b5-3faffabf74ef,Jota 558 Elmas Frez - Mavi Kuşak (Standard) Silindirik Uzun Genel Preparasyon Frezi,9bf3e7d1-7f58-466e-8dcf-77df180adb6f,JOT-558-FG-015,558,,FG,015,product_name.model|connection_type|diameter,true,safe_to_apply
9cba431c-ef68-4bb1-a002-559ec4f60c7e,Jota 859 Elmas Frez - Mavi Kuşak (Standard) Uzun İğne Genel Preparasyon Frezi,9d181bd4-fd73-46eb-a2b6-c66574adc753,JOT-859-FG-014,859,,FG,014,product_name.model|connection_type|diameter,true,safe_to_apply
6d0d05dd-8ec4-4bd1-9a69-24cb28f45d71,Jota 862G Elmas Frez - Yeşil Kuşak (Kaba) Konik Hızlı Preparasyon Frezi,9eede66a-76c7-4537-98b9-1aa97bfe48cc,JOT-862-GFG-010,862,G,FG,010,product_name.model|connection_type|diameter,true,safe_to_apply
ed397f95-c0c2-46fb-b0df-062ff4a1d7cb,Jota 801L Elmas Frez - Mavi Kuşak (Standard) Uzun Boyunlu Yuvarlak (Long Neck Round) Genel Preparasyon Frezi,9f3363e4-823d-4c0b-b434-6d5c0eff29c5,JOT-801L-FG-012,801L,,FG,012,product_name.model|connection_type|diameter,true,safe_to_apply
d39f1176-2130-47fe-af19-da541cab4971,Jota Z850F Zirkonya Elmas Frez - Kırmızı Kuşak (İnce) Zirkonya İnce Konik Finishing Frezi,a136f701-7e7d-447a-9ecb-995b11523fab,JOT-Z850-FFG-018,Z850,F,FG,018,product_name.model|connection_type|diameter,true,safe_to_apply
1b0f61fe-47ed-43e0-bc7e-6b696f983dc8,Jota 837LG Elmas Frez - Yeşil Kuşak (Kaba) Uzun Silindirik Hızlı Preparasyon Frezi,a143e091-d81a-477d-b3c8-536d509fdaea,JOT-837L-GFG-016,837L,G,FG,016,product_name.model|connection_type|diameter,true,safe_to_apply
43c5b2bc-a425-4d5b-a274-17a830a0e5be,Jota 558F Elmas Frez - Kırmızı Kuşak (İnce) Silindirik Uzun Finishing Frezi,a176d8f8-1dee-4978-b9f2-cb626381d7af,JOT-558-FFG-015,558,F,FG,015,product_name.model|connection_type|diameter,true,safe_to_apply
84174782-7f9f-434d-9025-c4590d6015a8,Jota 801 Elmas Frez - Mavi Kuşak (Standard) Yuvarlak (Round) Genel Preparasyon Frezi,a1b965d8-8b33-48bc-8201-5eab6a5dd478,JOT-801-FG-012,801,,FG,012,product_name.model|connection_type|diameter,true,safe_to_apply
fc19a0f3-53e5-417f-b580-6b36e30919af,Jota 835 Elmas Frez - Mavi Kuşak (Standard) Silindirik Genel Preparasyon Frezi,a1d2403f-c70c-4bb9-a2d3-9de2d06cce71,JOT-835-FG-008,835,,FG,008,product_name.model|connection_type|diameter,true,safe_to_apply
a18d12dc-95a4-48f5-bc72-70e9cee9e4ec,Jota 9812G Seramik Cilalama Ucu (Polisher) - Step 1,a50d2c54-b945-44cd-b885-a018c62b6454,JOT-9812-GRA-040,9812,G,RA,040,product_name.model|connection_type|diameter,true,safe_to_apply
04ae6d84-0b4a-41af-aa85-4567a2e4ab5d,Jota 852G Elmas Frez - Yeşil Kuşak (Kaba) İğne / İnce Konik Hızlı Preparasyon Frezi,a58f450f-8295-43af-a778-57a387caca96,JOT-852-GFG-018,852,G,FG,018,product_name.model|connection_type|diameter,true,safe_to_apply
8c9e360d-b7e5-405f-8903-b650da6062fb,Jota 558 Elmas Frez - Mavi Kuşak (Standard) Silindirik Uzun Genel Preparasyon Frezi,a7b05f4c-d833-4f12-a3a8-8c4f14104364,JOT-558-FG-013,558,,FG,013,product_name.model|connection_type|diameter,true,safe_to_apply
07d6cb8d-9950-4799-ba44-5607a9c0cc01,Jota 859EF Elmas Frez - Sarı Extra İnce Uzun İğne Elmas Frez,a8accbb0-4325-44c4-8048-214aad41aa6f,JOT-859-EFFG-010,859,EF,FG,010,product_name.model|connection_type|diameter,true,safe_to_apply
50d6253b-a875-4a68-85c4-9c520c662e0f,Jota 830G Elmas Frez - Yeşil Kuşak (Kaba) Alev (Flame) Hızlı Preparasyon Frezi,a8de3f20-3b8d-4c31-aa9b-91a6a573c3e6,JOT-830-GFG-016,830,G,FG,016,product_name.model|connection_type|diameter,true,safe_to_apply
130c1985-97d6-410e-b9b4-9e4157dd1df4,Jota 852G Elmas Frez - Yeşil Kuşak (Kaba) İğne / İnce Konik Hızlı Preparasyon Frezi,a8eab95f-53af-45d9-b7d5-0cff0a3bd191,JOT-852-GFG-016,852,G,FG,016,product_name.model|connection_type|diameter,true,safe_to_apply
f4f84dd3-6e77-4195-a042-7fa13bf1c187,Jota 862EF Elmas Frez - Sarı Extra İnce Konik Elmas Frez,a92e6226-2a7d-497a-ac17-c3cb01886787,JOT-862-EFFG-012,862,EF,FG,012,product_name.model|connection_type|diameter,true,safe_to_apply
72d51a91-5a04-4592-9292-5ad413251d56,Jota 859G Elmas Frez - Yeşil Kuşak (Kaba) Uzun İğne Hızlı Preparasyon Frezi,af611e53-429a-4b47-a14a-fc8285c96aa9,JOT-859-GFG-014,859,G,FG,014,product_name.model|connection_type|diameter,true,safe_to_apply
71de9e39-dbca-4738-8915-55a55a81fbf8,Jota 889LF Elmas Frez - Kırmızı Kuşak (İnce) İnce Uçlu Uzun Form Finishing Frezi,b6c78e73-25d8-4970-bc87-06185cd62b0a,JOT-889L-FFG-009,889L,F,FG,009,product_name.model|connection_type|diameter,true,safe_to_apply
276282ad-8067-4edb-9479-973dca1ccf3f,Jota 881G Elmas Frez - Yeşil Kuşak (Kaba) Silindirik Düz Uç Hızlı Preparasyon Frezi,ba934e6c-dde4-46d3-bdae-f274febaad28,JOT-881-GFG-012,881,G,FG,012,product_name.model|connection_type|diameter,true,safe_to_apply
e3f4fb0e-0942-4ffd-9c64-e1d2249e26bf,Jota 801SG Elmas Frez - Siyah Kuşak (Süper Kaba) Yuvarlak (Round) Agresif Preparasyon Frezi,bc93450c-1bb9-4eaa-951e-971e6134b830,JOT-801-SGFG-018,801,SG,FG,018,product_name.model|connection_type|diameter,true,safe_to_apply
67777a4d-e280-4225-8f37-9d81ec1b422f,Jota 9813M Seramik Cilalama Ucu (Polisher) - Step 2,c0cd7a65-38ee-4ef9-9f71-022d499b8622,JOT-9813M-RA-060,9813M,,RA,060,product_name.model|connection_type|diameter,true,safe_to_apply
b3d1cbdd-c377-491e-af6b-b49ceff3bd71,Jota 862 Elmas Frez - Mavi Kuşak (Standard) Konik Genel Preparasyon Frezi,c1825d82-b540-4b7e-beb0-d610d9b040d1,JOT-862-FG-012,862,,FG,012,product_name.model|connection_type|diameter,true,safe_to_apply
9ea378c3-9148-42b4-9cad-5a7dd47c1c89,Jota Z850 Zirkonya Elmas Frez - Mavi Kuşak (Standard) Zirkonya İnce Konik Genel Preparasyon Frezi,c459c36e-cb55-4fa6-ade7-3b17c2cb06c3,JOT-Z850-FG-018,Z850,,FG,018,product_name.model|connection_type|diameter,true,safe_to_apply
01f010fd-c400-4bc7-a73c-360494577afe,Jota 862 Elmas Frez - Mavi Kuşak (Standard) Konik Genel Preparasyon Frezi,c62631fa-d658-464c-86f2-049116d1133c,JOT-862-FG-010,862,,FG,010,product_name.model|connection_type|diameter,true,safe_to_apply
f77a56db-acac-4dd3-95b5-459053e0325e,Jota 9826 Kompozit Cilalama Ucu (Polisher) - Step 1,c752bd12-aa6e-40f4-a681-3f2e7da8f0c2,JOT-9826-RA-060,9826,,RA,060,product_name.model|connection_type|diameter,true,safe_to_apply
27ec10cb-2d15-4629-9f35-bac2c011a87a,Jota 801L Elmas Frez - Mavi Kuşak (Standard) Uzun Boyunlu Yuvarlak (Long Neck Round) Genel Preparasyon Frezi,c906af02-ba1e-4ea0-8732-4177599d2edb,JOT-801L-FG-014,801L,,FG,014,product_name.model|connection_type|diameter,true,safe_to_apply
4b656bd4-44e2-4320-abe0-e92306a7494d,Jota 645 Arkansas Ön Polisaj Frezi,ca050516-185e-40cd-928e-e3dcfb6cd4a2,JOT-645-FG-028,645,,FG,028,product_name.model|connection_type|diameter,true,safe_to_apply
b5c7322f-de25-4f11-acb5-5b732fd255eb,Jota 845R Elmas Frez - Mavi Kuşak (Standard) Yuvarlatılmış Uçlu Silindirik Genel Preparasyon Frezi,cacbd979-75b2-4464-9c12-84ac38b4b563,JOT-845R-FG-018,845R,,FG,018,product_name.model|connection_type|diameter,true,safe_to_apply
33ecd4ca-33a4-46d4-abd0-0c5a9a95c2af,Jota 852SG Elmas Frez - Siyah Kuşak (Süper Kaba) İğne / İnce Konik Agresif Preparasyon Frezi,cbaaa1d7-4db6-4503-ba33-573f90b7f738,JOT-852-SGFG-018,852,SG,FG,018,product_name.model|connection_type|diameter,true,safe_to_apply
e30c5a3a-5e60-4efe-97e3-455c011a4406,Jota 852 Elmas Frez - Mavi Kuşak (Standard) İğne / İnce Konik Genel Preparasyon Frezi,ccb25cfb-0216-4796-b936-1a2cdca50edf,JOT-852-FG-016,852,,FG,016,product_name.model|connection_type|diameter,true,safe_to_apply
703aec1f-f387-44fa-9b30-69996d03edd7,Jota 833F Elmas Frez - Kırmızı Kuşak (İnce) Armut / Torpido Finishing Frezi,ccfc4da1-ce4f-4bb5-80df-3164f7b9cb52,JOT-833-FFG-023,833,F,FG,023,product_name.model|connection_type|diameter,true,safe_to_apply
0a41efde-3ce7-4a57-b1ae-f02c34f8cb8b,Jota 881 Elmas Frez - Mavi Kuşak (Standard) Silindirik Düz Uç Genel Preparasyon Frezi,cf7ea9d5-0ab2-4c84-8eba-4e09e83fc823,JOT-881-FG-012,881,,FG,012,product_name.model|connection_type|diameter,true,safe_to_apply
032e9693-3142-421b-af6e-9c5cfd37618e,Jota 852F Elmas Frez - Kırmızı Kuşak (İnce) İğne / İnce Konik Finishing Frezi,cff8dedf-1912-40b8-afe8-e574994cd3f9,JOT-852-FFG-016,852,F,FG,016,product_name.model|connection_type|diameter,true,safe_to_apply
ff1be5c9-0151-4e99-a299-2bc07171be0a,Jota 850G Elmas Frez - Yeşil Kuşak (Kaba) İnce Konik Hızlı Preparasyon Frezi,d0b66f42-2673-4539-b263-6eb9cb3f4143,JOT-850-GFG-018,850,G,FG,018,product_name.model|connection_type|diameter,true,safe_to_apply
c277fbab-cbac-44e2-9e51-65c15db52c52,Jota 862G Elmas Frez - Yeşil Kuşak (Kaba) Konik Hızlı Preparasyon Frezi,d13af4ee-68cc-4a7a-8099-adbd08ee2370,JOT-862-GFG-014,862,G,FG,014,product_name.model|connection_type|diameter,true,safe_to_apply
3c8c16e6-6593-4f88-85f4-7cfb1b204555,Jota 868 Elmas Frez - Mavi Kuşak (Standard) İnce Konik Genel Preparasyon Frezi,d4cb702c-c041-4991-9ab5-ed60479073e9,JOT-868-FG-014,868,,FG,014,product_name.model|connection_type|diameter,true,safe_to_apply
d45380f5-1fec-4aa7-9997-2555d52b0844,Jota 881 Elmas Frez - Mavi Kuşak (Standard) Silindirik Düz Uç Genel Preparasyon Frezi,d61bf1bd-040b-4bb0-ac09-45047ec4076e,JOT-881-FG-016,881,,FG,016,product_name.model|connection_type|diameter,true,safe_to_apply
82046a11-1d7f-4f12-87e2-269bf6ee7723,Jota ZIR9861F Zirkonya Cilalama Ucu (Polisher) - Step 2,d622bb61-9289-42cf-b518-b11b1fb90a42,JOT-ZIR9861-FRA-040,ZIR9861,F,RA,040,product_name.model|connection_type|diameter,true,safe_to_apply
e75f8045-9bed-4866-8676-15a82a41c8a1,Jota Z838L Zirkonya Elmas Frez - Mavi Kuşak (Standard) Zirkonya Uzun Silindirik Genel Preparasyon Frezi,d63744dd-4bf0-402d-adb7-38e5c50427a1,JOT-Z838L-FG-014,Z838L,,FG,014,product_name.model|connection_type|diameter,true,safe_to_apply
84995940-764d-490d-a016-1f32c14af528,Jota 862EF Elmas Frez - Sarı Extra İnce Konik Elmas Frez,db762e74-3468-49f9-ae19-d47de08cc63e,JOT-862-EFFG-010,862,EF,FG,010,product_name.model|connection_type|diameter,true,safe_to_apply
c156d243-be76-4be8-ad75-3d8fcb1ba3a6,Jota 837L Elmas Frez - Mavi Kuşak (Standard) Uzun Silindirik Genel Preparasyon Frezi,de2fc17e-258e-4d56-b9c6-ac32b2dabf6e,JOT-837L-FG-014,837L,,FG,014,product_name.model|connection_type|diameter,true,safe_to_apply
d1cfa610-f4c2-472a-9e13-9fa71c09ab7f,Jota 859G Elmas Frez - Yeşil Kuşak (Kaba) Uzun İğne Hızlı Preparasyon Frezi,df746e36-4c49-4144-a348-ef90d6660ed9,JOT-859-GFG-012,859,G,FG,012,product_name.model|connection_type|diameter,true,safe_to_apply
25d7651c-a83d-49f7-8805-a1f2ce07749e,Jota 833F Elmas Frez - Kırmızı Kuşak (İnce) Armut / Torpido Finishing Frezi,dfa47464-8e5c-4fa6-b853-f12b5b9653e4,JOT-833-FFG-018,833,F,FG,018,product_name.model|connection_type|diameter,true,safe_to_apply
22fb5461-92cd-4f01-b147-72de85d058ea,Jota 9501M Metal Cilalama Ucu (Polisher) - Step 2,e0212795-4a3b-454d-afb7-2c3aec3ab3fd,JOT-9501M-RA-030,9501M,,RA,030,product_name.model|connection_type|diameter,true,safe_to_apply
a1c6a784-e008-4518-ac0f-e6de6906abb5,Jota 881SG Elmas Frez - Siyah Kuşak (Süper Kaba) Silindirik Düz Uç Agresif Preparasyon Frezi,e1d52bbe-cc3c-46ee-9ec1-e4a0720d3859,JOT-881-SGFG-014,881,SG,FG,014,product_name.model|connection_type|diameter,true,safe_to_apply
900b4435-79b0-47b9-83fa-7f35111a7ea7,Jota 862 Elmas Frez - Mavi Kuşak (Standard) Konik Genel Preparasyon Frezi,e2e0435f-b2d0-444f-ade9-c79399ff252d,JOT-862-FG-014,862,,FG,014,product_name.model|connection_type|diameter,true,safe_to_apply
d0160ac8-6fde-491c-8699-560f2b2f9316,Jota 868F Elmas Frez - Kırmızı Kuşak (İnce) İnce Konik Finishing Frezi,e30906e7-bb63-4ebd-9c9a-ca87186ccaaf,JOT-868-FFG-012,868,F,FG,012,product_name.model|connection_type|diameter,true,safe_to_apply
7b52c660-256a-4c37-843d-4a1e6b77b985,Jota 852G Elmas Frez - Yeşil Kuşak (Kaba) İğne / İnce Konik Hızlı Preparasyon Frezi,e39b07e2-7c61-48d0-91f2-3c2b0fa16c6f,JOT-852-GFG-014,852,G,FG,014,product_name.model|connection_type|diameter,true,safe_to_apply
e2483a51-9395-4fc6-875d-e31c0cf067b0,Jota 833G Elmas Frez - Yeşil Kuşak (Kaba) Armut / Torpido Hızlı Preparasyon Frezi,e5cf6f3d-2d54-4286-a650-780481268c34,JOT-833-GFG-018,833,G,FG,018,product_name.model|connection_type|diameter,true,safe_to_apply
e9c3460b-9fcc-437c-8aca-4cf70ab3ce19,Jota 859F Elmas Frez - Kırmızı Kuşak (İnce) Uzun İğne Finishing Frezi,e6ac8b9f-f991-4dd2-bc52-626e2fb70086,JOT-859-FFG-010,859,F,FG,010,product_name.model|connection_type|diameter,true,safe_to_apply
a1b44da9-2c40-4652-9874-dfe571b18a72,Jota 801 Elmas Frez - Mavi Kuşak (Standard) Yuvarlak (Round) Genel Preparasyon Frezi,e7fa05ea-3f7d-46d2-9d09-0fad0cfdf32b,JOT-801-FG-023,801,,FG,023,product_name.model|connection_type|diameter,true,safe_to_apply
33b8fc2b-8779-4178-b883-91a4f20ac6ab,Jota 801SG Elmas Frez - Siyah Kuşak (Süper Kaba) Yuvarlak (Round) Agresif Preparasyon Frezi,e965568f-bf4b-4f89-bb18-b4bfcf82fd44,JOT-801-SGFG-014,801,SG,FG,014,product_name.model|connection_type|diameter,true,safe_to_apply
a7b33aab-409d-4e7e-bd17-014a0ffac95f,Jota 830G Elmas Frez - Yeşil Kuşak (Kaba) Alev (Flame) Hızlı Preparasyon Frezi,ea7c6e4c-af92-4c85-9ab9-a4550b0924d1,JOT-830-GFG-018,830,G,FG,018,product_name.model|connection_type|diameter,true,safe_to_apply
9e6bf350-83b1-47d4-ac8a-e60859a1752b,Jota 805 Elmas Frez - Mavi Kuşak (Standard) Ters Konik (Inverted Cone) Genel Preparasyon Frezi,ec2c4168-f25b-479f-ae35-8320d79ac4f5,JOT-805-FG-010,805,,FG,010,product_name.model|connection_type|diameter,true,safe_to_apply
97e5b884-be9e-41f6-8859-9b05829b846e,Jota 9113M Universal Cilalama Ucu (Polisher),ec4add18-2027-401e-924f-6b588407abaf,JOT-9113M-RA-050,9113M,,RA,050,product_name.model|connection_type|diameter,true,safe_to_apply
340a7497-11e7-4d76-a10e-dc01d9bbd32c,Jota 881G Elmas Frez - Yeşil Kuşak (Kaba) Silindirik Düz Uç Hızlı Preparasyon Frezi,ee8674b1-7690-4778-a4bf-28cf6ff78bb8,JOT-881-GFG-016,881,G,FG,016,product_name.model|connection_type|diameter,true,safe_to_apply
4dfa7ead-7e9c-4f75-a44f-29c70592f07c,Jota 852SG Elmas Frez - Siyah Kuşak (Süper Kaba) İğne / İnce Konik Agresif Preparasyon Frezi,eeb5f32b-f999-45d3-b877-69a635b007f2,JOT-852-SGFG-016,852,SG,FG,016,product_name.model|connection_type|diameter,true,safe_to_apply
35c6a52a-2268-4567-8051-5445fda061de,Jota 852F Elmas Frez - Kırmızı Kuşak (İnce) İğne / İnce Konik Finishing Frezi,f02f7029-eddf-4327-803d-f5d527340e6b,JOT-852-FFG-014,852,F,FG,014,product_name.model|connection_type|diameter,true,safe_to_apply
4325644c-57f1-4749-8793-51a6fac3356a,Jota 852F Elmas Frez - Kırmızı Kuşak (İnce) İğne / İnce Konik Finishing Frezi,f1ac461b-1df6-4a80-8c8a-d2529b68796a,JOT-852-FFG-018,852,F,FG,018,product_name.model|connection_type|diameter,true,safe_to_apply
8d5939ae-424c-4cc1-a276-585406d82e46,Jota 850 Elmas Frez - Mavi Kuşak (Standard) İnce Konik Genel Preparasyon Frezi,f4a57853-8fdd-4b56-aafb-c74ddde785f2,JOT-850-FG-018,850,,FG,018,product_name.model|connection_type|diameter,true,safe_to_apply
96125525-4cb4-4647-bdda-6b14bc4d7407,Jota 863F Elmas Frez - Kırmızı Kuşak (İnce) Alev / Uzun Konik Finishing Frezi,f4a68497-19e7-4b72-9c1a-3973c4582936,JOT-863-FFG-012,863,F,FG,012,product_name.model|connection_type|diameter,true,safe_to_apply
b25e435c-708d-4c77-95da-4a5588112181,Jota 9834 Kompozit Cilalama Ucu (Polisher) - Step 2,f52152f0-d7fb-4bc2-890c-eee733a245f0,JOT-9834-RA-040,9834,,RA,040,product_name.model|connection_type|diameter,true,safe_to_apply
67da54aa-aaf1-4b21-9988-79499e6f82a4,Jota 890LF Elmas Frez - Kırmızı Kuşak (İnce) Alev / İnce Uçlu Finishing Frezi,f58b9609-6240-4873-83a1-844031f2b0ca,JOT-890L-FFG-008,890L,F,FG,008,product_name.model|connection_type|diameter,true,safe_to_apply
3cfa7524-100d-4c9e-a4d5-a1dc0d84138e,Jota 845R Elmas Frez - Mavi Kuşak (Standard) Yuvarlatılmış Uçlu Silindirik Genel Preparasyon Frezi,f75bd3d1-3af1-4975-ad75-9ff5bd9eab7b,JOT-845R-FG-025,845R,,FG,025,product_name.model|connection_type|diameter,true,safe_to_apply
fbadab18-8f43-48c2-87f5-328700915744,Jota 859EF Elmas Frez - Sarı Extra İnce Uzun İğne Elmas Frez,fd02a94d-f209-4d10-a419-729a20103cdc,JOT-859-EFFG-012,859,EF,FG,012,product_name.model|connection_type|diameter,true,safe_to_apply
375519de-84ea-4c95-bf90-9c805100c5e0,Jota 9501F Metal Cilalama Ucu (Polisher) - Step 3,ff20d489-4fbf-4569-82ae-565cf2b6279b,JOT-9501-FRA-030,9501,F,RA,030,product_name.model|connection_type|diameter,true,safe_to_apply
27d5a091-258b-46dc-86a9-5d9c06597b80,Jota ZIR9863M Zirkonya Cilalama Ucu (Polisher) - Step 1,ff7457f5-bbc5-4fe5-9062-4051470a3a91,JOT-ZIR9863M-RA-014,ZIR9863M,,RA,014,product_name.model|connection_type|diameter,true,safe_to_apply
a953a6c0-9b0d-47ef-840b-2893bf4d0697,852 Chamfer Elmas Frez,JOTA-852-FG-014,JOT-852-FG-852,852,,FG,852,manufacturer_ref.model|manufacturer_ref.holder|manufacturer_ref.diameter,true,safe_to_apply
43fe662d-2117-4161-8b42-c3b2ac27f0ec,CQ1 Karbit Frez,JOTA-CQ1-FG-010,JOT-010-FG-010,010,,FG,010,manufacturer_ref.model|manufacturer_ref.holder|manufacturer_ref.diameter,true,safe_to_apply
9c88c359-53da-4e52-b7c3-895f8dfc6ab3,Z850 Zirkonya Elmas Frez,JOTA-Z850-FG-016,JOT-Z850-FG-016,Z850,,FG,016,manufacturer_ref.model|manufacturer_ref.holder|manufacturer_ref.diameter,true,safe_to_apply