priority,reason,product_name,variant_id,current_sku,current_variant_code,model_candidate,holder_candidate,diameter_candidate,proposed_action,proposed_sku_if_safe,needs_manual_decision,notes
1,duplicate_source_rows,Jota 801 Elmas Frez - Mavi Kuşak (Standard) Yuvarlak (Round) Genel Preparasyon Frezi,9d172e33-8798-4146-b071-fb48e36a900d,5a1f73d9-a830-4082-95e2-3f6813ae0433,5a1f73d9-a830-4082-95e2-3f6813ae0433,801,FG,008,Review duplicate imported variant rows; leave unchanged until canonical row or merge/retire decision is made.,,true,rotary instrument rows; manufacturer_ref missing; connection_type=FG; diameter=0.8
1,duplicate_source_rows,Jota 801 Elmas Frez - Mavi Kuşak (Standard) Yuvarlak (Round) Genel Preparasyon Frezi,f94786d2-6ea6-41bb-9883-c26a0a58ee4b,d03dd80c-2b5d-4897-b6ef-85a7427e3e0f,d03dd80c-2b5d-4897-b6ef-85a7427e3e0f,801,FG,014,Review duplicate imported variant rows; leave unchanged until canonical row or merge/retire decision is made.,,true,rotary instrument rows; manufacturer_ref missing; connection_type=FG; diameter=1.4
1,duplicate_source_rows,Jota 801 Elmas Frez - Mavi Kuşak (Standard) Yuvarlak (Round) Genel Preparasyon Frezi,b7e9c8e8-9ce6-4a28-91e3-5fef5c3c1671,e30455b1-1090-49ba-a9a6-b29179ca3160,e30455b1-1090-49ba-a9a6-b29179ca3160,801,FG,008,Review duplicate imported variant rows; leave unchanged until canonical row or merge/retire decision is made.,,true,rotary instrument rows; manufacturer_ref missing; connection_type=FG; diameter=0.8
1,duplicate_source_rows,Jota 801 Elmas Frez - Mavi Kuşak (Standard) Yuvarlak (Round) Genel Preparasyon Frezi,5ebe090b-b3c0-4664-8492-88a1ec5ea8da,eea23e94-fe62-4226-97d6-e95ed2c20b00,eea23e94-fe62-4226-97d6-e95ed2c20b00,801,FG,008,Review duplicate imported variant rows; leave unchanged until canonical row or merge/retire decision is made.,,true,rotary instrument rows; manufacturer_ref missing; connection_type=FG; diameter=0.8
2,seed_import_duplicate,852 Chamfer Elmas Frez,a953a6c0-9b0d-47ef-840b-2893bf4d0697,JOTA-852-FG-014,JOTA-852-FG-014,852,FG,014,Review seed/import overlap; leave unchanged until canonical SKU ownership is chosen.,,true,rotary instrument rows; manufacturer_ref=852.FG.014; connection_type=FG; diameter=1.4
2,seed_import_duplicate,859L Uzun Alev Elmas Frez,502a49cb-b3a2-4ae3-ac97-c3d2b71d3991,JOTA-859L-FG-012,JOTA-859L-FG-012,859L,FG,012,Review seed/import overlap; leave unchanged until canonical SKU ownership is chosen.,,true,rotary instrument rows; manufacturer_ref=859L.FG.012; connection_type=FG; diameter=1.2
2,seed_import_duplicate,Jota 859L Elmas Frez - Mavi Kuşak (Standard) Extra Uzun İğne Genel Preparasyon Frezi,1731abc0-669e-4d96-a313-cc111fd8473d,6429000a-2371-498d-8404-6d9bb192a49e,6429000a-2371-498d-8404-6d9bb192a49e,859L,FG,012,Review seed/import overlap; leave unchanged until canonical SKU ownership is chosen.,,true,rotary instrument rows; manufacturer_ref missing; connection_type=FG; diameter=1.2
4,missing_safe_diameter,9805 Polisaj Frezi,c975c2e1-73ea-4776-a09e-f5dcc963d4ff,JOTA-9805G-RA,JOTA-9805G-RA,9805,RA,,Confirm explicit diameter/size from source; do not infer from product model/code.,,true,polisher rows; manufacturer_ref=9805G.RA; connection_type=RA; diameter missing
4,missing_safe_diameter,9805 Polisaj Frezi,7461a0e6-8ace-4267-a919-56a90104e923,JOTA-9805M-RA,JOTA-9805M-RA,9805M,RA,,Confirm explicit diameter/size from source; do not infer from product model/code.,,true,polisher rows; manufacturer_ref=9805M.RA; connection_type=RA; diameter missing
5,missing_holder,558 Silindirik Uzun Elmas Paketi,f052b65e-bccf-480d-a791-1b7de1d09569,4d8ef04b-75d7-4b4a-8b76-02476488767a,4d8ef04b-75d7-4b4a-8b76-02476488767a,558,,,"Recommend package SKU convention only after manual review, e.g. JOT-SET-[MODEL] or JOT-PKG-[MODEL].",,true,package/set products; manufacturer_ref missing; connection_type missing; diameter present but ignored for package=55.8
5,missing_holder,801 L Paketi,55989d64-4722-4ccf-bb3d-3bf067cc1fdf,8b120bc6-a183-4e18-821d-b7378c4b41b7,8b120bc6-a183-4e18-821d-b7378c4b41b7,801,,,"Recommend package SKU convention only after manual review, e.g. JOT-SET-[MODEL] or JOT-PKG-[MODEL].",,true,package/set products; manufacturer_ref missing; connection_type missing; diameter present but ignored for package=80.1
5,missing_holder,801 L Paketi,495cf3b1-2f10-48f8-9ed6-1695635a6602,de5bf2a0-46bb-4d93-8423-f788cc20b2b6,de5bf2a0-46bb-4d93-8423-f788cc20b2b6,801,,,"Recommend package SKU convention only after manual review, e.g. JOT-SET-[MODEL] or JOT-PKG-[MODEL].",,true,package/set products; manufacturer_ref missing; connection_type missing; diameter present but ignored for package=80.1
5,missing_holder,805 Elmas Frez Paketi,dd34e233-a932-413a-8fea-ea59aaefd4cd,1e37bbf7-c5a5-4cea-b125-72919633d428,1e37bbf7-c5a5-4cea-b125-72919633d428,805,,,"Recommend package SKU convention only after manual review, e.g. JOT-SET-[MODEL] or JOT-PKG-[MODEL].",,true,package/set products; manufacturer_ref missing; connection_type missing; diameter present but ignored for package=80.5
5,missing_holder,830 Alev Elmas Frez Paketi,ac48d231-d135-45b4-aca3-fc5ce7d928cc,0302d1e0-fdef-4744-840a-85956487209e,0302d1e0-fdef-4744-840a-85956487209e,830,,,"Recommend package SKU convention only after manual review, e.g. JOT-SET-[MODEL] or JOT-PKG-[MODEL].",,true,package/set products; manufacturer_ref missing; connection_type missing; diameter present but ignored for package=83
5,missing_holder,830 Alev Elmas Frez Paketi,8c8cc157-6fa1-496f-85e8-cafc1fad112f,62d9036c-c667-4883-96fa-672e7f5b39c9,62d9036c-c667-4883-96fa-672e7f5b39c9,830,,,"Recommend package SKU convention only after manual review, e.g. JOT-SET-[MODEL] or JOT-PKG-[MODEL].",,true,package/set products; manufacturer_ref missing; connection_type missing; diameter present but ignored for package=83
5,missing_holder,830 Alev Elmas Frez Paketi,cbcaa13c-d746-4e92-8a4b-7204e7ae437e,661db6b8-9e71-40d7-a2e0-2b17170219c5,661db6b8-9e71-40d7-a2e0-2b17170219c5,830,,,"Recommend package SKU convention only after manual review, e.g. JOT-SET-[MODEL] or JOT-PKG-[MODEL].",,true,package/set products; manufacturer_ref missing; connection_type missing; diameter present but ignored for package=83
5,missing_holder,830 Alev Elmas Frez Paketi,eead6813-3fed-458d-8d32-e4d90d7e7b8a,f94bbad1-f913-47e2-88dc-ddc370b1a76a,f94bbad1-f913-47e2-88dc-ddc370b1a76a,830,,,"Recommend package SKU convention only after manual review, e.g. JOT-SET-[MODEL] or JOT-PKG-[MODEL].",,true,package/set products; manufacturer_ref missing; connection_type missing; diameter present but ignored for package=83
5,missing_holder,833 Armut Elmas Frez Paketi,3cf85380-2ac2-4926-a98c-5fafa7c0926b,3746b29a-e23c-4d41-b0c6-00937d0c0018,3746b29a-e23c-4d41-b0c6-00937d0c0018,833,,,"Recommend package SKU convention only after manual review, e.g. JOT-SET-[MODEL] or JOT-PKG-[MODEL].",,true,package/set products; manufacturer_ref missing; connection_type missing; diameter present but ignored for package=83.3
5,missing_holder,833 Armut Elmas Frez Paketi,266964cf-936d-414d-b3a5-5f82d85b2181,37cddf9f-0efa-45c3-bbff-2f438434e977,37cddf9f-0efa-45c3-bbff-2f438434e977,833,,,"Recommend package SKU convention only after manual review, e.g. JOT-SET-[MODEL] or JOT-PKG-[MODEL].",,true,package/set products; manufacturer_ref missing; connection_type missing; diameter present but ignored for package=83.3
5,missing_holder,833 Armut Elmas Frez Paketi,3caaffac-cb70-485a-b847-df84751fe86e,96964907-ae94-4ef5-a9b6-632d8756a3fa,96964907-ae94-4ef5-a9b6-632d8756a3fa,833,,,"Recommend package SKU convention only after manual review, e.g. JOT-SET-[MODEL] or JOT-PKG-[MODEL].",,true,package/set products; manufacturer_ref missing; connection_type missing; diameter present but ignored for package=83.3
5,missing_holder,833 Armut Elmas Frez Paketi,6b936d57-afd1-4929-b48c-49b46e84d8bc,ed6afe93-b9bf-41b5-a8fe-a02ef25203e0,ed6afe93-b9bf-41b5-a8fe-a02ef25203e0,833,,,"Recommend package SKU convention only after manual review, e.g. JOT-SET-[MODEL] or JOT-PKG-[MODEL].",,true,package/set products; manufacturer_ref missing; connection_type missing; diameter present but ignored for package=83.3
5,missing_holder,835 Elmas Paketi,90d978fa-7fff-47a9-a441-94e09237e291,9da0ef0c-d9c6-4ca3-bb96-4272a08c01bf,9da0ef0c-d9c6-4ca3-bb96-4272a08c01bf,835,,,"Recommend package SKU convention only after manual review, e.g. JOT-SET-[MODEL] or JOT-PKG-[MODEL].",,true,package/set products; manufacturer_ref missing; connection_type missing; diameter present but ignored for package=83.5
5,missing_holder,837L Hızlı Preparasyon Frez Paketi,96b04ce4-62ef-4de0-ac26-50fb78e94898,4f427b03-7851-44f0-9000-6545851281dd,4f427b03-7851-44f0-9000-6545851281dd,837L,,,"Recommend package SKU convention only after manual review, e.g. JOT-SET-[MODEL] or JOT-PKG-[MODEL].",,true,package/set products; manufacturer_ref missing; connection_type missing; diameter missing
5,missing_holder,837L Hızlı Preparasyon Frez Paketi,174fec26-df3d-4b50-b6e3-8bdc129cca99,83d4976a-9745-4f8e-8271-34160f6db4dd,83d4976a-9745-4f8e-8271-34160f6db4dd,837L,,,"Recommend package SKU convention only after manual review, e.g. JOT-SET-[MODEL] or JOT-PKG-[MODEL].",,true,package/set products; manufacturer_ref missing; connection_type missing; diameter missing
5,missing_holder,848 Konik Elmas Paketi Mavi,ee110770-f733-4663-8d6e-c214866be861,2f2cc412-3a69-4679-a219-7f76f4347364,2f2cc412-3a69-4679-a219-7f76f4347364,848,,,"Recommend package SKU convention only after manual review, e.g. JOT-SET-[MODEL] or JOT-PKG-[MODEL].",,true,package/set products; manufacturer_ref missing; connection_type missing; diameter present but ignored for package=84.8
5,missing_holder,850 Elmas Frez Paketi,335e9355-df58-4097-a265-da5c22bdffbd,af3e6936-1810-4faf-88af-6ce14ba3d93d,af3e6936-1810-4faf-88af-6ce14ba3d93d,850,,,"Recommend package SKU convention only after manual review, e.g. JOT-SET-[MODEL] or JOT-PKG-[MODEL].",,true,package/set products; manufacturer_ref missing; connection_type missing; diameter present but ignored for package=85
5,missing_holder,850 Elmas Frez Paketi,093fe162-7669-458c-aeeb-5e2e919c2514,b2fd5052-1fa4-4566-bdf8-87ff49526843,b2fd5052-1fa4-4566-bdf8-87ff49526843,850,,,"Recommend package SKU convention only after manual review, e.g. JOT-SET-[MODEL] or JOT-PKG-[MODEL].",,true,package/set products; manufacturer_ref missing; connection_type missing; diameter present but ignored for package=85
5,missing_holder,850 Elmas Frez Paketi,d04c2603-dcc7-44ea-a301-0e31f7b7bd56,dd00aa18-8afe-4785-98a4-f3ff10bc0d30,dd00aa18-8afe-4785-98a4-f3ff10bc0d30,850,,,"Recommend package SKU convention only after manual review, e.g. JOT-SET-[MODEL] or JOT-PKG-[MODEL].",,true,package/set products; manufacturer_ref missing; connection_type missing; diameter present but ignored for package=85
5,missing_holder,852 Elmas Frez Paketi,f687f9cd-a14a-41d6-8ba4-78c971715657,05253754-985e-4ef3-9a82-8c7e11f4e248,05253754-985e-4ef3-9a82-8c7e11f4e248,852,,,"Recommend package SKU convention only after manual review, e.g. JOT-SET-[MODEL] or JOT-PKG-[MODEL].",,true,package/set products; manufacturer_ref missing; connection_type missing; diameter present but ignored for package=85.2
5,missing_holder,852 Elmas Frez Paketi,452717b7-e1fe-496e-83c9-0d39f8e5cb42,0a142311-0ecc-4cac-8db7-454b711bd456,0a142311-0ecc-4cac-8db7-454b711bd456,852,,,"Recommend package SKU convention only after manual review, e.g. JOT-SET-[MODEL] or JOT-PKG-[MODEL].",,true,package/set products; manufacturer_ref missing; connection_type missing; diameter present but ignored for package=85.2
5,missing_holder,852 Elmas Frez Paketi,5d03a672-d81f-420d-9904-3a20114124d1,15f701ad-15e7-48a3-a4f3-79e8ea908d01,15f701ad-15e7-48a3-a4f3-79e8ea908d01,852,,,"Recommend package SKU convention only after manual review, e.g. JOT-SET-[MODEL] or JOT-PKG-[MODEL].",,true,package/set products; manufacturer_ref missing; connection_type missing; diameter present but ignored for package=85.2
5,missing_holder,852 Elmas Frez Paketi,0571e213-a594-450b-b8c6-5aa0dca74fcc,3e517ccd-3607-42cb-aa65-c5e06531058e,3e517ccd-3607-42cb-aa65-c5e06531058e,852,,,"Recommend package SKU convention only after manual review, e.g. JOT-SET-[MODEL] or JOT-PKG-[MODEL].",,true,package/set products; manufacturer_ref missing; connection_type missing; diameter present but ignored for package=85.2
5,missing_holder,859 Elmas Frez Paketi,90009492-053a-454d-90a6-0265b49a1ffb,250f7b8a-30de-42da-8809-847f3cb1a238,250f7b8a-30de-42da-8809-847f3cb1a238,859,,,"Recommend package SKU convention only after manual review, e.g. JOT-SET-[MODEL] or JOT-PKG-[MODEL].",,true,package/set products; manufacturer_ref missing; connection_type missing; diameter present but ignored for package=85.9
5,missing_holder,859 Elmas Frez Paketi,a7fec029-bc01-40cf-87c3-6d1dd27646e1,3c33f347-b54c-44a4-9e85-97f5b7da1736,3c33f347-b54c-44a4-9e85-97f5b7da1736,859,,,"Recommend package SKU convention only after manual review, e.g. JOT-SET-[MODEL] or JOT-PKG-[MODEL].",,true,package/set products; manufacturer_ref missing; connection_type missing; diameter present but ignored for package=85.9
5,missing_holder,859 Elmas Frez Paketi,8c316579-98c7-49ae-a655-a48b85acd83f,5e47a048-8317-449c-8235-b89dac27888f,5e47a048-8317-449c-8235-b89dac27888f,859,,,"Recommend package SKU convention only after manual review, e.g. JOT-SET-[MODEL] or JOT-PKG-[MODEL].",,true,package/set products; manufacturer_ref missing; connection_type missing; diameter present but ignored for package=85.9
5,missing_holder,859 Elmas Frez Paketi,345054cb-f477-424b-8091-800a37595661,69a8acc9-fe4f-4131-ac56-2924a835db2e,69a8acc9-fe4f-4131-ac56-2924a835db2e,859,,,"Recommend package SKU convention only after manual review, e.g. JOT-SET-[MODEL] or JOT-PKG-[MODEL].",,true,package/set products; manufacturer_ref missing; connection_type missing; diameter present but ignored for package=85.9
5,missing_holder,859 Elmas Frez Paketi,9714dddf-19c5-4d23-aada-4d1d8a27bfb5,bed02ca6-6a56-4806-a362-a380db517f1d,bed02ca6-6a56-4806-a362-a380db517f1d,859,,,"Recommend package SKU convention only after manual review, e.g. JOT-SET-[MODEL] or JOT-PKG-[MODEL].",,true,package/set products; manufacturer_ref missing; connection_type missing; diameter present but ignored for package=85.9
5,missing_holder,859 Elmas Frez Paketi,52966ebb-e21a-48dc-9332-6ed926539416,dedd1a9d-705a-48a2-87e1-b5ec636adacd,dedd1a9d-705a-48a2-87e1-b5ec636adacd,859,,,"Recommend package SKU convention only after manual review, e.g. JOT-SET-[MODEL] or JOT-PKG-[MODEL].",,true,package/set products; manufacturer_ref missing; connection_type missing; diameter present but ignored for package=85.9
5,missing_holder,862 Elmas Frez Paketi,3f6212cb-2a96-476c-815a-1320ae9c8f7a,015ca169-a1b1-483e-902e-a9a4330ad99e,015ca169-a1b1-483e-902e-a9a4330ad99e,862,,,"Recommend package SKU convention only after manual review, e.g. JOT-SET-[MODEL] or JOT-PKG-[MODEL].",,true,package/set products; manufacturer_ref missing; connection_type missing; diameter present but ignored for package=86.2
5,missing_holder,862 Elmas Frez Paketi,d0b7d1ae-954b-4de3-9b72-5f62972b917b,26cfc809-f136-4518-992c-e4852b1584fd,26cfc809-f136-4518-992c-e4852b1584fd,862,,,"Recommend package SKU convention only after manual review, e.g. JOT-SET-[MODEL] or JOT-PKG-[MODEL].",,true,package/set products; manufacturer_ref missing; connection_type missing; diameter present but ignored for package=86.2
5,missing_holder,862 Elmas Frez Paketi,125be282-82be-4027-acd3-dde4d70bab73,7c956375-4daa-42e2-9773-ab97a103faab,7c956375-4daa-42e2-9773-ab97a103faab,862,,,"Recommend package SKU convention only after manual review, e.g. JOT-SET-[MODEL] or JOT-PKG-[MODEL].",,true,package/set products; manufacturer_ref missing; connection_type missing; diameter present but ignored for package=86.2
5,missing_holder,862 Elmas Frez Paketi,84c56bca-57ac-4cdf-8e47-7353fc9fff67,af4a1594-b38e-48fb-b812-321c7c14a177,af4a1594-b38e-48fb-b812-321c7c14a177,862,,,"Recommend package SKU convention only after manual review, e.g. JOT-SET-[MODEL] or JOT-PKG-[MODEL].",,true,package/set products; manufacturer_ref missing; connection_type missing; diameter present but ignored for package=86.2
5,missing_holder,863 Elmas Frez Paketi,a004b78c-27cd-46d9-a225-4430e33225c4,0e9d25c2-fbe8-4183-bfec-cceea6d71d22,0e9d25c2-fbe8-4183-bfec-cceea6d71d22,863,,,"Recommend package SKU convention only after manual review, e.g. JOT-SET-[MODEL] or JOT-PKG-[MODEL].",,true,package/set products; manufacturer_ref missing; connection_type missing; diameter present but ignored for package=86.3
5,missing_holder,868 Elmas Frez Paketi,e4b375ab-8f56-4e0e-93a3-254ab76379e2,0055e64e-73fb-498a-afdc-24b92bf06f44,0055e64e-73fb-498a-afdc-24b92bf06f44,868,,,"Recommend package SKU convention only after manual review, e.g. JOT-SET-[MODEL] or JOT-PKG-[MODEL].",,true,package/set products; manufacturer_ref missing; connection_type missing; diameter present but ignored for package=86.8
5,missing_holder,868 Elmas Frez Paketi,c23cb24a-2cb4-4747-bc1b-9caaeebfcffc,566160dd-46f4-4ef6-ad86-4330703b1138,566160dd-46f4-4ef6-ad86-4330703b1138,868,,,"Recommend package SKU convention only after manual review, e.g. JOT-SET-[MODEL] or JOT-PKG-[MODEL].",,true,package/set products; manufacturer_ref missing; connection_type missing; diameter present but ignored for package=86.8
5,missing_holder,868 Elmas Frez Paketi,b05f0489-f90c-42bf-9d5d-c9d55e96bf15,e589ba51-5d27-432c-b920-59a2f585c028,e589ba51-5d27-432c-b920-59a2f585c028,868,,,"Recommend package SKU convention only after manual review, e.g. JOT-SET-[MODEL] or JOT-PKG-[MODEL].",,true,package/set products; manufacturer_ref missing; connection_type missing; diameter present but ignored for package=86.8
5,missing_holder,881 Genel Preparasyon Frez Paketi,b7031182-cf17-4ee8-aafd-cb4c8762922c,09bfa7ac-1700-44ec-9580-8ac0288f87c9,09bfa7ac-1700-44ec-9580-8ac0288f87c9,881,,,"Recommend package SKU convention only after manual review, e.g. JOT-SET-[MODEL] or JOT-PKG-[MODEL].",,true,package/set products; manufacturer_ref missing; connection_type missing; diameter present but ignored for package=88.1
5,missing_holder,881 Genel Preparasyon Frez Paketi,f31fc0ca-7116-42b4-9805-9aeac0e299dd,148ab798-2c4c-469c-88f7-7fe826f0f788,148ab798-2c4c-469c-88f7-7fe826f0f788,881,,,"Recommend package SKU convention only after manual review, e.g. JOT-SET-[MODEL] or JOT-PKG-[MODEL].",,true,package/set products; manufacturer_ref missing; connection_type missing; diameter present but ignored for package=88.1
5,missing_holder,881 Genel Preparasyon Frez Paketi,d33a4d4f-84c5-446d-912e-cb027124f824,435ec843-d6d2-4bb3-a54c-8c4d7a4ce820,435ec843-d6d2-4bb3-a54c-8c4d7a4ce820,881,,,"Recommend package SKU convention only after manual review, e.g. JOT-SET-[MODEL] or JOT-PKG-[MODEL].",,true,package/set products; manufacturer_ref missing; connection_type missing; diameter present but ignored for package=88.1
5,missing_holder,881 Genel Preparasyon Frez Paketi,65b843d1-e01c-4742-9a51-ee93567ccd9c,6b429b0e-b464-4630-9367-e8fbfa56a679,6b429b0e-b464-4630-9367-e8fbfa56a679,881,,,"Recommend package SKU convention only after manual review, e.g. JOT-SET-[MODEL] or JOT-PKG-[MODEL].",,true,package/set products; manufacturer_ref missing; connection_type missing; diameter present but ignored for package=88.1
5,missing_holder,Jota 801 Elmas Frez Paketi,6ab5deff-eb17-494b-a588-4b05b59e9804,1bcd3665-65f5-4fc0-a7c4-dec0f75363af,1bcd3665-65f5-4fc0-a7c4-dec0f75363af,801,,,"Recommend package SKU convention only after manual review, e.g. JOT-SET-[MODEL] or JOT-PKG-[MODEL].",,true,package/set products; manufacturer_ref missing; connection_type missing; diameter present but ignored for package=80.1
5,missing_holder,Jota 801 Elmas Frez Paketi,64b99272-fd8e-48dc-9010-fb92a2a9b62c,66af6707-2c44-4a8f-ae2e-6eeb6486b6f2,66af6707-2c44-4a8f-ae2e-6eeb6486b6f2,801,,,"Recommend package SKU convention only after manual review, e.g. JOT-SET-[MODEL] or JOT-PKG-[MODEL].",,true,package/set products; manufacturer_ref missing; connection_type missing; diameter present but ignored for package=80.1
5,missing_holder,Jota 801 Elmas Frez Paketi,37f9ee41-6977-46ad-a3ec-0b5519a9eb41,af3a17c6-3ea7-4355-8277-a968ff36ce3f,af3a17c6-3ea7-4355-8277-a968ff36ce3f,801,,,"Recommend package SKU convention only after manual review, e.g. JOT-SET-[MODEL] or JOT-PKG-[MODEL].",,true,package/set products; manufacturer_ref missing; connection_type missing; diameter present but ignored for package=80.1
5,missing_holder,JOTA KIT 1541 — Basic Chairside Finishing & Polishing,7f9c1e3a-b6aa-4c23-be9a-6c077747c093,4e797f33-4a30-4f72-a5cd-f4ebd2f52e24,4e797f33-4a30-4f72-a5cd-f4ebd2f52e24,1541,,,"Recommend package SKU convention only after manual review, e.g. JOT-SET-[MODEL] or JOT-PKG-[MODEL].",,true,package/set products; manufacturer_ref missing; connection_type missing; diameter missing
5,missing_holder,JOTA KIT 1542 — Professional Chairside Finishing & Polishing,aa69d4e7-1fd9-4346-96fc-b4299f3005f1,1688099d-4d3c-4419-9755-d1bd660257bb,1688099d-4d3c-4419-9755-d1bd660257bb,1542,,,"Recommend package SKU convention only after manual review, e.g. JOT-SET-[MODEL] or JOT-PKG-[MODEL].",,true,package/set products; manufacturer_ref missing; connection_type missing; diameter missing
5,missing_holder,Jota Kit 1540 — Laboratory Finishing & Polishing,ec5c3fa6-1731-4b27-9688-211f0c647386,28d8407f-5262-47de-aba6-52d0d06fe726,28d8407f-5262-47de-aba6-52d0d06fe726,1540,,,"Recommend package SKU convention only after manual review, e.g. JOT-SET-[MODEL] or JOT-PKG-[MODEL].",,true,package/set products; manufacturer_ref missing; connection_type missing; diameter missing
7,missing_model,Abrezif Cilalama Paketi,a889aeaa-b467-45dd-b8de-119ece1b2847,8169e138-58ad-4826-95cb-411e1c589f80,8169e138-58ad-4826-95cb-411e1c589f80,c3f53198-1e21-4d3f-8e04-106ab693db82,,,"Recommend package SKU convention only after manual review, e.g. JOT-SET-[MODEL] or JOT-PKG-[MODEL].",,true,package/set products; polisher rows; manufacturer_ref missing; connection_type missing; diameter missing
7,missing_model,Abrezif Cilalama Paketi,fb312a94-e3b4-4f91-afc6-30437da5a618,846b5265-8e68-4dde-8169-171057750fd1,846b5265-8e68-4dde-8169-171057750fd1,c3f53198-1e21-4d3f-8e04-106ab693db82,,,"Recommend package SKU convention only after manual review, e.g. JOT-SET-[MODEL] or JOT-PKG-[MODEL].",,true,package/set products; polisher rows; manufacturer_ref missing; connection_type missing; diameter missing
7,missing_model,Abrezif Cilalama Paketi,1f7a8b40-6dab-4892-b737-0336d291fa36,c463d06a-aeec-4adb-a817-798ff3d191e1,c463d06a-aeec-4adb-a817-798ff3d191e1,c3f53198-1e21-4d3f-8e04-106ab693db82,,,"Recommend package SKU convention only after manual review, e.g. JOT-SET-[MODEL] or JOT-PKG-[MODEL].",,true,package/set products; polisher rows; manufacturer_ref missing; connection_type missing; diameter missing
7,missing_model,C1 Karbit Frez Paketi,67b95a63-65ab-411f-a3af-bb510820c1c0,7a8fdac7-c25c-4cd9-9b61-625fab5c5be0,7a8fdac7-c25c-4cd9-9b61-625fab5c5be0,4f636156-44dc-45a3-a337-7002299e7587,,,"Recommend package SKU convention only after manual review, e.g. JOT-SET-[MODEL] or JOT-PKG-[MODEL].",,true,package/set products; carbide rows; manufacturer_ref missing; connection_type missing; diameter missing
7,missing_model,C1S Karbit Frez Paketi,52e18af1-6a47-4ca0-b39f-984745f28672,763407c9-088d-4c8c-ab4e-ec1afdae5b66,763407c9-088d-4c8c-ab4e-ec1afdae5b66,63f73db3-e0d9-40dd-a32a-b3c3f1834fea,,,"Recommend package SKU convention only after manual review, e.g. JOT-SET-[MODEL] or JOT-PKG-[MODEL].",,true,package/set products; carbide rows; manufacturer_ref missing; connection_type missing; diameter missing
7,missing_model,Cerrahi Frez Paketi,9151281e-101f-4075-88d5-86bbb66c28d3,cef0e253-3d9a-4eb0-92b7-824a48c8ee73,cef0e253-3d9a-4eb0-92b7-824a48c8ee73,e025a428-5a32-459f-a38d-3ba977539c23,,,"Recommend package SKU convention only after manual review, e.g. JOT-SET-[MODEL] or JOT-PKG-[MODEL].",,true,package/set products; manufacturer_ref missing; connection_type missing; diameter missing
7,missing_model,CQ1 Karbit Frez Paketi (CROSS-CUT),761c43d6-2124-4e6d-852b-c391f8fca776,77646426-f43d-438f-afa1-888c4c77715a,77646426-f43d-438f-afa1-888c4c77715a,665d67c8-1306-46ae-aedd-d14e7d186191,,,"Recommend package SKU convention only after manual review, e.g. JOT-SET-[MODEL] or JOT-PKG-[MODEL].",,true,package/set products; carbide rows; manufacturer_ref missing; connection_type missing; diameter missing
7,missing_model,Jota Essential II Frez Seti,45b3f52a-a675-4a81-827f-4450cfeb2868,cb3384cf-731a-42a3-9f6a-9b439cd1d5c7,cb3384cf-731a-42a3-9f6a-9b439cd1d5c7,593516dd-9a04-4a56-80df-a36348163437,FG,,"Recommend package SKU convention only after manual review, e.g. JOT-SET-[MODEL] or JOT-PKG-[MODEL].",,true,package/set products; manufacturer_ref missing; connection_type=FG; diameter present but ignored for package=15.7
7,missing_model,Jota Special Frez Paketi,f2489bfe-ba42-4895-87ea-bd4cf76d11d8,45da41f6-c399-4b12-a8a0-23d6b6bab51f,45da41f6-c399-4b12-a8a0-23d6b6bab51f,2eef5cef-0b2b-483e-a9e2-48311ccfaefc,,,"Recommend package SKU convention only after manual review, e.g. JOT-SET-[MODEL] or JOT-PKG-[MODEL].",,true,package/set products; manufacturer_ref missing; connection_type missing; diameter missing
7,missing_model,Karbit Frez Paketi,36ea468d-8929-449c-80c1-328d32a7c14a,0b3b579c-4e17-4790-94c5-7e89183f8301,0b3b579c-4e17-4790-94c5-7e89183f8301,4b69f976-6b8b-484f-a9f3-e3a01d6244ca,,,"Recommend package SKU convention only after manual review, e.g. JOT-SET-[MODEL] or JOT-PKG-[MODEL].",,true,package/set products; carbide rows; manufacturer_ref missing; connection_type missing; diameter missing
7,missing_model,Karbit Frez Paketi,bd24c5d6-c9a9-4aab-9f43-18f9156bf934,55fd9822-77c3-4c67-b576-571d304ad493,55fd9822-77c3-4c67-b576-571d304ad493,4b69f976-6b8b-484f-a9f3-e3a01d6244ca,,,"Recommend package SKU convention only after manual review, e.g. JOT-SET-[MODEL] or JOT-PKG-[MODEL].",,true,package/set products; carbide rows; manufacturer_ref missing; connection_type missing; diameter missing
7,missing_model,Karbit Frez Paketi,82b4ba2c-d89a-451a-a0a2-ca9de1be1407,867372b4-7b31-442e-82e1-afd8b1b7d554,867372b4-7b31-442e-82e1-afd8b1b7d554,4b69f976-6b8b-484f-a9f3-e3a01d6244ca,,,"Recommend package SKU convention only after manual review, e.g. JOT-SET-[MODEL] or JOT-PKG-[MODEL].",,true,package/set products; carbide rows; manufacturer_ref missing; connection_type missing; diameter missing
7,missing_model,Karbit Frez Paketi,a1f81375-2738-40c5-b413-74020260241f,f35dd761-279e-4a38-9614-44277eb3a12c,f35dd761-279e-4a38-9614-44277eb3a12c,4b69f976-6b8b-484f-a9f3-e3a01d6244ca,,,"Recommend package SKU convention only after manual review, e.g. JOT-SET-[MODEL] or JOT-PKG-[MODEL].",,true,package/set products; carbide rows; manufacturer_ref missing; connection_type missing; diameter missing
7,missing_model,Kompozit Cilalama Paket,9cba2bb7-7981-4fd7-8ced-51525922cca1,24915855-2f0e-4a41-9938-72792396f89d,24915855-2f0e-4a41-9938-72792396f89d,5f02e91a-729a-4c14-88e1-b611d97208a8,,,"Recommend package SKU convention only after manual review, e.g. JOT-SET-[MODEL] or JOT-PKG-[MODEL].",,true,package/set products; polisher rows; manufacturer_ref missing; connection_type missing; diameter missing
7,missing_model,Kompozit Cilalama Paket,18a55b91-b72d-4a6f-a572-97bf1db27350,7c220372-9f05-4373-beee-4a0b674db0be,7c220372-9f05-4373-beee-4a0b674db0be,5f02e91a-729a-4c14-88e1-b611d97208a8,,,"Recommend package SKU convention only after manual review, e.g. JOT-SET-[MODEL] or JOT-PKG-[MODEL].",,true,package/set products; polisher rows; manufacturer_ref missing; connection_type missing; diameter missing
7,missing_model,Lityum Disilikat Cilalama Paketi,498147a4-b8c9-42bd-aa39-a320e26e831d,d1537417-f3b6-4203-b846-5f7c07e8edd7,d1537417-f3b6-4203-b846-5f7c07e8edd7,8220fee9-fa7f-4d82-a931-8161f0bb80c8,,,"Recommend package SKU convention only after manual review, e.g. JOT-SET-[MODEL] or JOT-PKG-[MODEL].",,true,package/set products; polisher rows; manufacturer_ref missing; connection_type missing; diameter missing
7,missing_model,Lityum Disilikat Cilalama Paketi,440f2da2-5e06-4a77-bd6a-807335430a0a,e3ee9421-c645-4dd0-a31a-8167ab5be23f,e3ee9421-c645-4dd0-a31a-8167ab5be23f,8220fee9-fa7f-4d82-a931-8161f0bb80c8,,,"Recommend package SKU convention only after manual review, e.g. JOT-SET-[MODEL] or JOT-PKG-[MODEL].",,true,package/set products; polisher rows; manufacturer_ref missing; connection_type missing; diameter missing
7,missing_model,Metal Cilalama Paket,e4826851-8a5d-443d-acc8-ab18947fff90,d99b3f4e-7ddb-4b1f-80de-c1da7ac985ff,d99b3f4e-7ddb-4b1f-80de-c1da7ac985ff,891dddab-c665-410d-8706-9a8b6f4bcc01,,,"Recommend package SKU convention only after manual review, e.g. JOT-SET-[MODEL] or JOT-PKG-[MODEL].",,true,package/set products; polisher rows; manufacturer_ref missing; connection_type missing; diameter missing
7,missing_model,Metal Kesim Frez Paketi (CROWN CUTTERS),6d67d46d-87a1-453b-aef8-2c117b520bd9,e52d8d5e-1b2b-40f2-a9ed-9c680147523c,e52d8d5e-1b2b-40f2-a9ed-9c680147523c,4443551b-1da8-4896-9bcb-d0982318e032,,,"Recommend package SKU convention only after manual review, e.g. JOT-SET-[MODEL] or JOT-PKG-[MODEL].",,true,package/set products; polisher rows; manufacturer_ref missing; connection_type missing; diameter missing
7,missing_model,Seramik Cilalama Paketi,0123ff26-f306-4168-b8fe-d59dedf35a00,187ec66a-a4f3-4f7f-bd1a-310ab68217b7,187ec66a-a4f3-4f7f-bd1a-310ab68217b7,feb6eff5-aa03-4535-b46d-a10c10b0feee,,,"Recommend package SKU convention only after manual review, e.g. JOT-SET-[MODEL] or JOT-PKG-[MODEL].",,true,package/set products; polisher rows; manufacturer_ref missing; connection_type missing; diameter missing
7,missing_model,Seramik Cilalama Paketi,6bdb17e0-31a6-4ef8-8e4a-b1a90da7ddb5,433231b1-587d-4c0f-874a-0a0859fa2bba,433231b1-587d-4c0f-874a-0a0859fa2bba,feb6eff5-aa03-4535-b46d-a10c10b0feee,,,"Recommend package SKU convention only after manual review, e.g. JOT-SET-[MODEL] or JOT-PKG-[MODEL].",,true,package/set products; polisher rows; manufacturer_ref missing; connection_type missing; diameter missing
7,missing_model,Seramik Cilalama Paketi,bf7567e2-5487-4720-a82b-281590860262,d61ac0b8-aca7-45ac-b980-b9986a037701,d61ac0b8-aca7-45ac-b980-b9986a037701,feb6eff5-aa03-4535-b46d-a10c10b0feee,,,"Recommend package SKU convention only after manual review, e.g. JOT-SET-[MODEL] or JOT-PKG-[MODEL].",,true,package/set products; polisher rows; manufacturer_ref missing; connection_type missing; diameter missing
7,missing_model,Universal Cilalama Paketi,92fe417d-08d8-42cb-8247-12ed7a132199,98096356-c6e2-42ca-bbf0-760b23c62d89,98096356-c6e2-42ca-bbf0-760b23c62d89,a5f3511a-7cd8-4da6-bebe-71351a33e524,,,"Recommend package SKU convention only after manual review, e.g. JOT-SET-[MODEL] or JOT-PKG-[MODEL].",,true,package/set products; polisher rows; manufacturer_ref missing; connection_type missing; diameter missing
7,missing_model,Zirkonyum Cilalama Paketi,940fe924-9fa3-491c-8fb0-01448e5d70bd,2fbb6da6-ac9a-40fb-9038-a5ad4b324e25,2fbb6da6-ac9a-40fb-9038-a5ad4b324e25,ed7f197e-9075-4112-a710-348894f051c1,,,"Recommend package SKU convention only after manual review, e.g. JOT-SET-[MODEL] or JOT-PKG-[MODEL].",,true,package/set products; polisher rows; manufacturer_ref missing; connection_type missing; diameter missing
7,missing_model,Zirkonyum Cilalama Paketi,7a5551bb-c075-4e6a-b92a-4f7a4705ef03,65533f26-ce8a-4ff7-b75e-78f8d8f6a217,65533f26-ce8a-4ff7-b75e-78f8d8f6a217,ed7f197e-9075-4112-a710-348894f051c1,,,"Recommend package SKU convention only after manual review, e.g. JOT-SET-[MODEL] or JOT-PKG-[MODEL].",,true,package/set products; polisher rows; manufacturer_ref missing; connection_type missing; diameter missing
7,missing_model,Zirkonyum Elmas Frez Paketi,f2f0e854-8d76-4241-a454-ba301227dbd9,e5091e45-2072-4813-8fc2-5a6081be1a35,e5091e45-2072-4813-8fc2-5a6081be1a35,a2b06a02-f2aa-4a03-b2dd-619b8a538027,,,"Recommend package SKU convention only after manual review, e.g. JOT-SET-[MODEL] or JOT-PKG-[MODEL].",,true,package/set products; manufacturer_ref missing; connection_type missing; diameter missing
8,missing_model,CQ1 Karbit Frez,43fe662d-2117-4161-8b42-c3b2ac27f0ec,JOTA-CQ1-FG-010,JOTA-CQ1-FG-010,jota-cq1-karbit-frez,FG,010,Define carbide-specific model/holder rule before normalization; do not infer missing model or holder.,,true,carbide rows; manufacturer_ref=CQ1.FG.010; connection_type=FG; diameter=1
8,missing_model,Jota C1 Yuvarlak Karbit Frez - Yuvarlak Karbit,be6d5686-5bfa-4f03-bf8a-c027976e6e21,23c8dc13-e51d-4b6d-8529-a1cc2d64743a,23c8dc13-e51d-4b6d-8529-a1cc2d64743a,0357a292-8c73-44b5-8ccb-b4ddb0c5f135,FG,010,Define carbide-specific model/holder rule before normalization; do not infer missing model or holder.,,true,carbide rows; manufacturer_ref missing; connection_type=FG; diameter=1
8,missing_model,Jota C1 Yuvarlak Karbit Frez - Yuvarlak Karbit,fc43f1b7-6c72-4fea-b4f0-d64528be6018,6769c853-67d9-42cc-8027-66c1ffeb60c5,6769c853-67d9-42cc-8027-66c1ffeb60c5,0357a292-8c73-44b5-8ccb-b4ddb0c5f135,FG,010,Define carbide-specific model/holder rule before normalization; do not infer missing model or holder.,,true,carbide rows; manufacturer_ref missing; connection_type=FG; diameter=1
8,missing_model,Jota C1 Yuvarlak Karbit Frez - Yuvarlak Karbit,6233702a-0502-4fe6-a2c1-7b61e4200590,7ed0a12a-d94b-43a4-a0d6-dffccf784b62,7ed0a12a-d94b-43a4-a0d6-dffccf784b62,0357a292-8c73-44b5-8ccb-b4ddb0c5f135,FG,010,Define carbide-specific model/holder rule before normalization; do not infer missing model or holder.,,true,carbide rows; manufacturer_ref missing; connection_type=FG; diameter=1
8,missing_model,Jota C1 Yuvarlak Karbit Frez - Yuvarlak Karbit,875950fe-edd4-4ae5-bc55-98c7bd09067f,82441c1c-d92d-44ad-a9b0-60722f5e04c7,82441c1c-d92d-44ad-a9b0-60722f5e04c7,0357a292-8c73-44b5-8ccb-b4ddb0c5f135,FG,010,Define carbide-specific model/holder rule before normalization; do not infer missing model or holder.,,true,carbide rows; manufacturer_ref missing; connection_type=FG; diameter=1
8,missing_model,Jota C1 Yuvarlak Karbit Frez - Yuvarlak Karbit,476f0e58-ad03-4344-8b7a-4829104f362d,89640694-91a6-4ff2-a1bb-e9f2feba725a,89640694-91a6-4ff2-a1bb-e9f2feba725a,0357a292-8c73-44b5-8ccb-b4ddb0c5f135,FG,010,Define carbide-specific model/holder rule before normalization; do not infer missing model or holder.,,true,carbide rows; manufacturer_ref missing; connection_type=FG; diameter=1
8,missing_model,Jota C1 Yuvarlak Karbit Frez - Yuvarlak Karbit,b8641e8f-40ac-4c20-87e3-1a598375ed25,95909ebb-8317-45ac-84b7-fe78b42233db,95909ebb-8317-45ac-84b7-fe78b42233db,0357a292-8c73-44b5-8ccb-b4ddb0c5f135,FG,010,Define carbide-specific model/holder rule before normalization; do not infer missing model or holder.,,true,carbide rows; manufacturer_ref missing; connection_type=FG; diameter=1
8,missing_model,Jota C1 Yuvarlak Karbit Frez - Yuvarlak Karbit,82fbab52-6086-4e31-a700-5ba6b81573e5,bc8c6504-621a-4fd0-b3f7-8a61df006ac5,bc8c6504-621a-4fd0-b3f7-8a61df006ac5,0357a292-8c73-44b5-8ccb-b4ddb0c5f135,FG,010,Define carbide-specific model/holder rule before normalization; do not infer missing model or holder.,,true,carbide rows; manufacturer_ref missing; connection_type=FG; diameter=1
8,missing_model,Jota C151 Cerrahi Karbit Frez - Cerrahi Karbit,d8787d41-6602-4e90-b763-e9bcf0379f1f,2aed6839-2067-4a7b-9ace-43bceeff4743,2aed6839-2067-4a7b-9ace-43bceeff4743,2498e924-37f2-46d0-ad0e-8017a25f5e53,,016,Define carbide-specific model/holder rule before normalization; do not infer missing model or holder.,,true,carbide rows; manufacturer_ref missing; connection_type missing; diameter=1.6
8,missing_model,Jota C152 Cerrahi Karbit Frez - Cerrahi Karbit,dd88f2cc-091e-4d9a-ae71-9292be47e898,257df8e5-f10b-4102-9b60-bf52526fd388,257df8e5-f10b-4102-9b60-bf52526fd388,62182885-0083-43a7-a2f7-08395eee330f,,014,Define carbide-specific model/holder rule before normalization; do not infer missing model or holder.,,true,carbide rows; manufacturer_ref missing; connection_type missing; diameter=1.4
8,missing_model,Jota C1S Yuvarlak Karbit Frez - Yuvarlak Karbit,73bcde87-fc25-4b0e-8349-aa7d19738036,016ff566-564d-4afa-8aa2-d388f9c59648,016ff566-564d-4afa-8aa2-d388f9c59648,31920c59-832a-4dd5-9acf-8987fbe61bd8,RA,010,Define carbide-specific model/holder rule before normalization; do not infer missing model or holder.,,true,carbide rows; manufacturer_ref missing; connection_type=RA; diameter=1
8,missing_model,Jota C1S Yuvarlak Karbit Frez - Yuvarlak Karbit,54eb6270-e877-45f7-a229-bb9faa2509a4,156e8995-e839-41d2-87e3-93021707dae1,156e8995-e839-41d2-87e3-93021707dae1,31920c59-832a-4dd5-9acf-8987fbe61bd8,RA,010,Define carbide-specific model/holder rule before normalization; do not infer missing model or holder.,,true,carbide rows; manufacturer_ref missing; connection_type=RA; diameter=1
8,missing_model,Jota C1S Yuvarlak Karbit Frez - Yuvarlak Karbit,e31674c0-69d1-4554-a3d1-10ffa3221db5,1c7091c9-8d4d-49f5-9a35-1cdd49984c0b,1c7091c9-8d4d-49f5-9a35-1cdd49984c0b,31920c59-832a-4dd5-9acf-8987fbe61bd8,RA,010,Define carbide-specific model/holder rule before normalization; do not infer missing model or holder.,,true,carbide rows; manufacturer_ref missing; connection_type=RA; diameter=1
8,missing_model,Jota C1S Yuvarlak Karbit Frez - Yuvarlak Karbit,f2765a48-c9dd-4656-b37f-837c72b18fa8,646e9d45-a204-42ca-9349-c99126958d57,646e9d45-a204-42ca-9349-c99126958d57,31920c59-832a-4dd5-9acf-8987fbe61bd8,RA,010,Define carbide-specific model/holder rule before normalization; do not infer missing model or holder.,,true,carbide rows; manufacturer_ref missing; connection_type=RA; diameter=1
8,missing_model,Jota C1S Yuvarlak Karbit Frez - Yuvarlak Karbit,a52c65ed-d993-4706-8e54-361fb413d876,e742f32f-7cd4-4d8e-ac93-8a442b002117,e742f32f-7cd4-4d8e-ac93-8a442b002117,31920c59-832a-4dd5-9acf-8987fbe61bd8,RA,010,Define carbide-specific model/holder rule before normalization; do not infer missing model or holder.,,true,carbide rows; manufacturer_ref missing; connection_type=RA; diameter=1
8,missing_model,Jota C1S Yuvarlak Karbit Frez - Yuvarlak Karbit,a2a94f49-0a48-48c6-9a41-2a9e4e9185a4,ebd47ed6-1f11-4013-9949-ae65ff77c532,ebd47ed6-1f11-4013-9949-ae65ff77c532,31920c59-832a-4dd5-9acf-8987fbe61bd8,RA,010,Define carbide-specific model/holder rule before normalization; do not infer missing model or holder.,,true,carbide rows; manufacturer_ref missing; connection_type=RA; diameter=1
8,missing_model,Jota C1S Yuvarlak Karbit Frez - Yuvarlak Karbit,a4d89bb8-c4dc-4f2d-bc7f-3b883ba43f3e,fa0dc0ee-056e-49f9-a947-33d03d66d055,fa0dc0ee-056e-49f9-a947-33d03d66d055,31920c59-832a-4dd5-9acf-8987fbe61bd8,RA,010,Define carbide-specific model/holder rule before normalization; do not infer missing model or holder.,,true,carbide rows; manufacturer_ref missing; connection_type=RA; diameter=1
8,missing_model,Jota C2 Silindirik Karbit Frez - Silindirik Karbit,a6c3109a-c125-49a9-a186-0bbb153592a7,50f10e62-7a03-4e8b-9026-abb5a807d171,50f10e62-7a03-4e8b-9026-abb5a807d171,5d4ffb4b-53cf-452a-9909-624f57aeb3d2,FG,012,Define carbide-specific model/holder rule before normalization; do not infer missing model or holder.,,true,carbide rows; manufacturer_ref missing; connection_type=FG; diameter=1.2
8,missing_model,Jota C2 Silindirik Karbit Frez - Silindirik Karbit,b17b58f5-8428-4862-8c78-af0cf64e2174,c8a152a6-ecd3-4377-8d88-dfab40b83ff7,c8a152a6-ecd3-4377-8d88-dfab40b83ff7,5d4ffb4b-53cf-452a-9909-624f57aeb3d2,FG,014,Define carbide-specific model/holder rule before normalization; do not infer missing model or holder.,,true,carbide rows; manufacturer_ref missing; connection_type=FG; diameter=1.4
8,missing_model,Jota C21 Silindirik Karbit Frez - Silindirik Karbit,a0a5dfe4-d832-4f1e-b170-14c059e8e5fa,562e73aa-eab4-4cba-b9ad-fb94d1d63ea9,562e73aa-eab4-4cba-b9ad-fb94d1d63ea9,a9a2b72e-cf3a-4951-bfe4-c577547f7465,FG,010,Define carbide-specific model/holder rule before normalization; do not infer missing model or holder.,,true,carbide rows; manufacturer_ref missing; connection_type=FG; diameter=1
8,missing_model,Jota C21 Silindirik Karbit Frez - Silindirik Karbit,294cebd6-adb7-4c67-8469-bd36643aaa12,908b4952-7072-4957-ae42-9b6827526082,908b4952-7072-4957-ae42-9b6827526082,a9a2b72e-cf3a-4951-bfe4-c577547f7465,FG,012,Define carbide-specific model/holder rule before normalization; do not infer missing model or holder.,,true,carbide rows; manufacturer_ref missing; connection_type=FG; diameter=1.2
8,missing_model,Jota C23R Alev / İnce Form Karbit Frez - Yuvarlatılmış Uçlu Karbit,7a79370b-30ec-4c43-a6dd-9895d61cc688,2db7594f-b57d-4fcc-b816-fabbe19754f8,2db7594f-b57d-4fcc-b816-fabbe19754f8,3ba05bff-f26e-490e-859d-17160d604a36,FG,012,Define carbide-specific model/holder rule before normalization; do not infer missing model or holder.,,true,carbide rows; manufacturer_ref missing; connection_type=FG; diameter=1.2
8,missing_model,Jota C23R Alev / İnce Form Karbit Frez - Yuvarlatılmış Uçlu Karbit,a9f6225a-0ec0-4725-975d-5cf5421f68eb,3b9769a0-44cc-4aeb-89e9-a9f949b160e8,3b9769a0-44cc-4aeb-89e9-a9f949b160e8,3ba05bff-f26e-490e-859d-17160d604a36,FG,012,Define carbide-specific model/holder rule before normalization; do not infer missing model or holder.,,true,carbide rows; manufacturer_ref missing; connection_type=FG; diameter=1.2
8,missing_model,Jota C244K Kesim Karbiti - Cerrahi Kesim Karbiti,26f54304-cfa9-4840-a553-9aa1e3ccbe0c,5b00dd37-2ddb-4a68-ac0f-2a96dd7f3bd8,5b00dd37-2ddb-4a68-ac0f-2a96dd7f3bd8,c5e48671-0a81-4fd4-b493-c2aeefcb8780,FG,016,Define carbide-specific model/holder rule before normalization; do not infer missing model or holder.,,true,carbide rows; manufacturer_ref missing; connection_type=FG; diameter=1.6
8,missing_model,Jota C31 Silindirik Karbit Frez - Silindirik İnce Karbit,21a2c709-e7a0-422c-83b8-b015a840c9f2,9bf46383-3ef6-4cc5-938b-f8361b300fb0,9bf46383-3ef6-4cc5-938b-f8361b300fb0,f024752d-fb81-43dc-9398-4b02dd3d7ba6,FG,010,Define carbide-specific model/holder rule before normalization; do not infer missing model or holder.,,true,carbide rows; manufacturer_ref missing; connection_type=FG; diameter=1
8,missing_model,Jota C31A Finishing Karbit Frez - Finishing Karbit,0d52ceff-0fce-453e-bfb2-46fc5610a4eb,ccda2ce1-145a-45b6-aad5-06241a955848,ccda2ce1-145a-45b6-aad5-06241a955848,4423677f-a877-406e-8ac5-d71de922701a,FG,012,Define carbide-specific model/holder rule before normalization; do not infer missing model or holder.,,true,carbide rows; manufacturer_ref missing; connection_type=FG; diameter=1.2
8,missing_model,Jota C31R Silindirik Karbit Frez - Yuvarlatılmış Uçlu Silindirik Karbit,6847032f-76f7-47af-8aee-a782ad0851a3,bc29bb1b-5549-448d-ba38-c92e9548cd13,bc29bb1b-5549-448d-ba38-c92e9548cd13,21d984dc-5c86-4bd3-9e2b-6e6258ed1072,FG,012,Define carbide-specific model/holder rule before normalization; do not infer missing model or holder.,,true,carbide rows; manufacturer_ref missing; connection_type=FG; diameter=1.2
8,missing_model,Jota C33 Konik Karbit Frez - Konik Karbit,0eb3d884-dd29-4e17-ba81-21c2a55d9ccb,10f567b7-d2ae-4d5e-8a9c-47ec1627c698,10f567b7-d2ae-4d5e-8a9c-47ec1627c698,5119659c-e3ae-400f-aac9-40e7e1f1e877,FG,012,Define carbide-specific model/holder rule before normalization; do not infer missing model or holder.,,true,carbide rows; manufacturer_ref missing; connection_type=FG; diameter=1.2
8,missing_model,Jota C33 Konik Karbit Frez - Konik Karbit,f6a3f7db-bb53-4a6f-af8d-026b84bbdca0,73f5d184-2cd9-40f1-ae9b-8837cdf129e8,73f5d184-2cd9-40f1-ae9b-8837cdf129e8,5119659c-e3ae-400f-aac9-40e7e1f1e877,FG,010,Define carbide-specific model/holder rule before normalization; do not infer missing model or holder.,,true,carbide rows; manufacturer_ref missing; connection_type=FG; diameter=1
8,missing_model,Jota C379 Silindirik Karbit Frez - Düz Kesim Karbit,794b5a36-b143-47cf-a2a0-2a7a1efc2dec,1ed90df4-c9b2-4271-a4d1-9cb17c917ba1,1ed90df4-c9b2-4271-a4d1-9cb17c917ba1,c1dcff78-8512-48ae-aae9-915cb04a6961,FG,023,Define carbide-specific model/holder rule before normalization; do not infer missing model or holder.,,true,carbide rows; manufacturer_ref missing; connection_type=FG; diameter=2.3
8,missing_model,Jota C379 Silindirik Karbit Frez - Düz Kesim Karbit,915956f2-a53e-4ee7-8c84-c216632c3e22,a6223e60-4a80-40de-93f6-d13874a1ae96,a6223e60-4a80-40de-93f6-d13874a1ae96,c1dcff78-8512-48ae-aae9-915cb04a6961,FG,018,Define carbide-specific model/holder rule before normalization; do not infer missing model or holder.,,true,carbide rows; manufacturer_ref missing; connection_type=FG; diameter=1.8
8,missing_model,Jota C48L Alev / İnce Form Karbit Frez - Uzun İnce Karbit,1ef88515-f003-43bd-ad75-b3b5b7d90439,eaf70ee5-8852-4d65-9187-07858911662b,eaf70ee5-8852-4d65-9187-07858911662b,54d038d7-c746-44db-8cec-c4f6b4d5d878,FG,012,Define carbide-specific model/holder rule before normalization; do not infer missing model or holder.,,true,carbide rows; manufacturer_ref missing; connection_type=FG; diameter=1.2
8,missing_model,Jota C7 Alev / İnce Form Karbit Frez - Alev Karbit,b4c2e70d-37bb-41c2-9aff-fc13f3fd0021,0090f21e-c336-4ce4-ba23-d6098b428b55,0090f21e-c336-4ce4-ba23-d6098b428b55,47491c02-e4f2-4c88-abb1-e0b02bb3b468,FG,008,Define carbide-specific model/holder rule before normalization; do not infer missing model or holder.,,true,carbide rows; manufacturer_ref missing; connection_type=FG; diameter=0.8
8,missing_model,Jota C7 Alev / İnce Form Karbit Frez - Alev Karbit,8ddd13b7-f5ee-4941-b167-a22ab1b337b4,c5518321-a807-4323-84b4-cfe669ebdbfc,c5518321-a807-4323-84b4-cfe669ebdbfc,47491c02-e4f2-4c88-abb1-e0b02bb3b468,FG,010,Define carbide-specific model/holder rule before normalization; do not infer missing model or holder.,,true,carbide rows; manufacturer_ref missing; connection_type=FG; diameter=1
8,missing_model,Jota CG35RS Kesim Karbiti - Kesim / Kron Ayırma Karbiti,9c316cdb-dccf-4677-9517-500399e9981e,68bb776a-7e76-4f25-a0cf-2a69fddada72,68bb776a-7e76-4f25-a0cf-2a69fddada72,49593992-573c-4cc3-b811-54fa6192c14a,FG,012,Define carbide-specific model/holder rule before normalization; do not infer missing model or holder.,,true,carbide rows; manufacturer_ref missing; connection_type=FG; diameter=1.2
8,missing_model,Jota CQ1 Konik Karbit Frez - Konik Karbit,880d831f-f274-4251-9ee7-2c1d03efe666,4cd818c3-2f84-4120-8931-8e95e5276d0e,4cd818c3-2f84-4120-8931-8e95e5276d0e,75dc7893-ab5e-4a39-a843-91edb0782243,RA,018,Define carbide-specific model/holder rule before normalization; do not infer missing model or holder.,,true,carbide rows; manufacturer_ref missing; connection_type=RA; diameter=1.8
8,missing_model,Jota CQ1 Konik Karbit Frez - Konik Karbit,5805f959-c0e8-446d-9a5b-f3f1ebfc64af,e7f4ff58-1c79-4604-bf67-7ed91ea3ab4f,e7f4ff58-1c79-4604-bf67-7ed91ea3ab4f,75dc7893-ab5e-4a39-a843-91edb0782243,RA,016,Define carbide-specific model/holder rule before normalization; do not infer missing model or holder.,,true,carbide rows; manufacturer_ref missing; connection_type=RA; diameter=1.6
8,missing_model,Jota CQ1L Konik Karbit Frez - Uzun Konik Karbit,7f3fa55d-6865-4c40-bc8a-9a8d042b0dab,e1c20906-fb90-4412-8ba2-2507b7def272,e1c20906-fb90-4412-8ba2-2507b7def272,bcdbce1c-75a9-4a72-a8d2-e650396bf288,RA,018,Define carbide-specific model/holder rule before normalization; do not infer missing model or holder.,,true,carbide rows; manufacturer_ref missing; connection_type=RA; diameter=1.8
8,missing_model,Jota CQ1L Konik Karbit Frez - Uzun Konik Karbit,cd230f72-ead2-4126-9855-9c53f395ddd9,e85a49ec-0cc3-42a9-bec0-5f2f28117044,e85a49ec-0cc3-42a9-bec0-5f2f28117044,bcdbce1c-75a9-4a72-a8d2-e650396bf288,RA,016,Define carbide-specific model/holder rule before normalization; do not infer missing model or holder.,,true,carbide rows; manufacturer_ref missing; connection_type=RA; diameter=1.6
8,missing_model,Jota CX21 Finishing Karbit Frez - Finishing Karbit,b05dbc49-5358-4d4f-9a7b-c490acf40051,fd1d9e62-c1bd-4641-9e53-4784b4421ac6,fd1d9e62-c1bd-4641-9e53-4784b4421ac6,b262849d-1b4c-4da8-83a1-4224b476ed1e,FG,012,Define carbide-specific model/holder rule before normalization; do not infer missing model or holder.,,true,carbide rows; manufacturer_ref missing; connection_type=FG; diameter=1.2
8,missing_model,Jota CX23R Finishing Karbit Frez - Finishing Karbit,1bae31d5-86f3-4c3c-bd2a-f665750162b2,81610f05-0a23-4ffe-8a5d-cb8919179f98,81610f05-0a23-4ffe-8a5d-cb8919179f98,7212538a-6dcd-446d-a271-b9483d7e59c7,FG,012,Define carbide-specific model/holder rule before normalization; do not infer missing model or holder.,,true,carbide rows; manufacturer_ref missing; connection_type=FG; diameter=1.2
8,missing_model,Jota GP662 Glaze Prep Zirkonya & Seramik Ayar Frezi,caa8a0b7-dcfc-4afa-a6b8-d9446f3ab8e1,ccc3df0a-8f9a-4818-9c04-c84b11d85a41,ccc3df0a-8f9a-4818-9c04-c84b11d85a41,0307c6b3-192c-41b6-b295-bc576571233a,RA,035,Define polisher-specific step/material SKU rule before normalization; confirm RA/HP holder and size manually.,,true,polisher rows; manufacturer_ref missing; connection_type=RA; diameter=3.5
8,missing_model,Jota LS9871F Lityum Disilikat Cilalama Ucu (Polisher) - Step 2,aba16b6d-b488-479f-aff3-09fbf30aea43,efe81e13-69a7-4a0c-b0b4-98b8816e3dcc,efe81e13-69a7-4a0c-b0b4-98b8816e3dcc,8b6b74a3-c89a-409d-aabe-7bf92f00a0a2,RA,040,Define polisher-specific step/material SKU rule before normalization; confirm RA/HP holder and size manually.,,true,polisher rows; manufacturer_ref missing; connection_type=RA; diameter=4
8,missing_model,Jota LS9871M Lityum Disilikat Cilalama Ucu (Polisher) - Step 1,d5681a3d-a113-44f9-b61e-9232001004b3,5007644a-3659-47ee-bb01-bb16c22389b5,5007644a-3659-47ee-bb01-bb16c22389b5,f84276e8-4d19-40fe-b45e-eb50ae6b3331,RA,040,Define polisher-specific step/material SKU rule before normalization; confirm RA/HP holder and size manually.,,true,polisher rows; manufacturer_ref missing; connection_type=RA; diameter=4
8,missing_model,Jota LS9873F Lityum Disilikat Cilalama Ucu (Polisher) - Step 2,eb14f066-6578-42a6-b5d7-6bf62afb20e7,ed2152c4-fe71-40d6-a3f4-0cae0d7df9f9,ed2152c4-fe71-40d6-a3f4-0cae0d7df9f9,234ddf44-e6c5-4de9-baca-8359d53d8801,RA,014,Define polisher-specific step/material SKU rule before normalization; confirm RA/HP holder and size manually.,,true,polisher rows; manufacturer_ref missing; connection_type=RA; diameter=14
8,missing_model,Jota LS9873M Lityum Disilikat Cilalama Ucu (Polisher) - Step 1,822292f6-4292-40f1-8143-fc6d8d9ebbaf,b9d6e6e7-a3d9-42dd-a39e-5cee1b839fc8,b9d6e6e7-a3d9-42dd-a39e-5cee1b839fc8,a00a5f09-fa9d-4bc8-a210-cbb5b7ed1908,RA,014,Define polisher-specific step/material SKU rule before normalization; confirm RA/HP holder and size manually.,,true,polisher rows; manufacturer_ref missing; connection_type=RA; diameter=14
8,missing_model,Jota RRC31R Finishing Karbit Frez - Finishing Karbit,176608c6-ccb5-49e1-8411-a41a608d9c59,ced53525-9b22-4a89-b914-05acf0b9196c,ced53525-9b22-4a89-b914-05acf0b9196c,d4a65722-0798-45ca-846c-c6f8c621536e,FG,012,Define carbide-specific model/holder rule before normalization; do not infer missing model or holder.,,true,carbide rows; manufacturer_ref missing; connection_type=FG; diameter=1.2
8,missing_model,Jota RRC7 Finishing Karbit Frez - Finishing Karbit,ea116237-0b9a-4a7d-b03a-73fd0c59d961,84957717-9c44-4f2d-9e96-1c643aea3b8d,84957717-9c44-4f2d-9e96-1c643aea3b8d,c8df9cea-c38f-43ef-98ab-edd5dcf17ee2,FG,008,Define carbide-specific model/holder rule before normalization; do not infer missing model or holder.,,true,carbide rows; manufacturer_ref missing; connection_type=FG; diameter=0.8
8,missing_model,Jota SD661F Diamond Stone Seramik Ayar Taşı,2b241fcb-0014-4579-a987-137d6e3d5cbc,b5f07714-6068-4a80-822c-bb8ccd062c6e,b5f07714-6068-4a80-822c-bb8ccd062c6e,d91f33fa-d36e-4e98-833b-33548e081588,RA,025,Define polisher-specific step/material SKU rule before normalization; confirm RA/HP holder and size manually.,,true,polisher rows; manufacturer_ref missing; connection_type=RA; diameter=2.5
8,missing_model,LS9873F Polisaj Frezi,c4eecdd3-2907-49cb-b383-1d53310b3e8f,JOTA-LS9873F-RA,JOTA-LS9873F-RA,jota-ls9873f-polisaj-frezi,RA,,Define polisher-specific step/material SKU rule before normalization; confirm RA/HP holder and size manually.,,true,polisher rows; manufacturer_ref=LS9873F.RA; connection_type=RA; diameter missing