csv_sku,csv_product_name,csv_price,source_file,match_source,db_variant_code,db_manufacturer_ref,db_product_group_code,old_price,new_price
138.FG.007,JOTA Elmas Frez 138.FG.007 (5'li Paket),1000,imports\jota_2026_tum_urunler_paket_fiyatlari_tl.csv,variant_code,JOT-138-FG-007,,633180b8-63ac-4309-82a1-8125188d7691,800,1000
558.FG.013,JOTA Elmas Frez 558.FG.013 (5'li Paket),1000,imports\jota_2026_tum_urunler_paket_fiyatlari_tl.csv,variant_code,JOT-558-FG-013,,8ab029f0-4c82-47e9-9424-70215fd3136e,800,1000
558.FG.015,JOTA Elmas Frez 558.FG.015 (5'li Paket),1000,imports\jota_2026_tum_urunler_paket_fiyatlari_tl.csv,variant_code,JOT-558-FG-015,,8ab029f0-4c82-47e9-9424-70215fd3136e,800,1000
558F.FG.013,JOTA Elmas Frez 558F.FG.013 (5'li Paket),1000,imports\jota_2026_tum_urunler_paket_fiyatlari_tl.csv,variant_code,JOT-558-FFG-013,,f0859237-c12d-4559-812b-77c38212373a,800,1000
558F.FG.015,JOTA Elmas Frez 558F.FG.015 (5'li Paket),1000,imports\jota_2026_tum_urunler_paket_fiyatlari_tl.csv,variant_code,JOT-558-FFG-015,,f0859237-c12d-4559-812b-77c38212373a,800,1000
801.FG.008,JOTA Elmas Frez 801.FG.008 (5'li Paket),775,imports\jota_2026_tum_urunler_paket_fiyatlari_tl.csv,variant_code,JOT-801-FG-008,,5b3ac038-e192-48b4-8486-31489e996a0c,null,775
801.FG.010,JOTA Elmas Frez 801.FG.010 (5'li Paket),775,imports\jota_2026_tum_urunler_paket_fiyatlari_tl.csv,variant_code,JOT-801-FG-010,,5b3ac038-e192-48b4-8486-31489e996a0c,650,775
801.FG.012,JOTA Elmas Frez 801.FG.012 (5'li Paket),775,imports\jota_2026_tum_urunler_paket_fiyatlari_tl.csv,variant_code,JOT-801-FG-012,,5b3ac038-e192-48b4-8486-31489e996a0c,650,775
801.FG.014,JOTA Elmas Frez 801.FG.014 (5'li Paket),775,imports\jota_2026_tum_urunler_paket_fiyatlari_tl.csv,variant_code,JOT-801-FG-014,,5b3ac038-e192-48b4-8486-31489e996a0c,650,775
801.FG.016,JOTA Elmas Frez 801.FG.016 (5'li Paket),775,imports\jota_2026_tum_urunler_paket_fiyatlari_tl.csv,variant_code,JOT-801-FG-016,,5b3ac038-e192-48b4-8486-31489e996a0c,650,775
801.FG.018,JOTA Elmas Frez 801.FG.018 (5'li Paket),775,imports\jota_2026_tum_urunler_paket_fiyatlari_tl.csv,variant_code,JOT-801-FG-018,,5b3ac038-e192-48b4-8486-31489e996a0c,650,775
801.FG.021,JOTA Elmas Frez 801.FG.021 (5'li Paket),1000,imports\jota_2026_tum_urunler_paket_fiyatlari_tl.csv,variant_code,JOT-801-FG-021,,5b3ac038-e192-48b4-8486-31489e996a0c,null,1000
801.FG.023,JOTA Elmas Frez 801.FG.023 (5'li Paket),1000,imports\jota_2026_tum_urunler_paket_fiyatlari_tl.csv,variant_code,JOT-801-FG-023,,5b3ac038-e192-48b4-8486-31489e996a0c,650,1000
801G.FG.010,JOTA Elmas Frez 801G.FG.010 (5'li Paket),775,imports\jota_2026_tum_urunler_paket_fiyatlari_tl.csv,variant_code,JOT-801-GFG-010,,69357413-a39f-4f2b-bb6c-0947f76c6990,650,775
801G.FG.012,JOTA Elmas Frez 801G.FG.012 (5'li Paket),775,imports\jota_2026_tum_urunler_paket_fiyatlari_tl.csv,variant_code,JOT-801-GFG-012,,69357413-a39f-4f2b-bb6c-0947f76c6990,650,775
801G.FG.014,JOTA Elmas Frez 801G.FG.014 (5'li Paket),775,imports\jota_2026_tum_urunler_paket_fiyatlari_tl.csv,variant_code,JOT-801-GFG-014,,69357413-a39f-4f2b-bb6c-0947f76c6990,650,775
801G.FG.016,JOTA Elmas Frez 801G.FG.016 (5'li Paket),775,imports\jota_2026_tum_urunler_paket_fiyatlari_tl.csv,variant_code,JOT-801-GFG-016,,69357413-a39f-4f2b-bb6c-0947f76c6990,650,775
801G.FG.018,JOTA Elmas Frez 801G.FG.018 (5'li Paket),775,imports\jota_2026_tum_urunler_paket_fiyatlari_tl.csv,variant_code,JOT-801-GFG-018,,69357413-a39f-4f2b-bb6c-0947f76c6990,650,775
801G.FG.021,JOTA Elmas Frez 801G.FG.021 (5'li Paket),1000,imports\jota_2026_tum_urunler_paket_fiyatlari_tl.csv,variant_code,JOT-801-GFG-021,,69357413-a39f-4f2b-bb6c-0947f76c6990,650,1000
801G.FG.023,JOTA Elmas Frez 801G.FG.023 (5'li Paket),1000,imports\jota_2026_tum_urunler_paket_fiyatlari_tl.csv,variant_code,JOT-801-GFG-023,,69357413-a39f-4f2b-bb6c-0947f76c6990,650,1000
801L.FG.012,JOTA Elmas Frez 801L.FG.012 (5'li Paket),1000,imports\jota_2026_tum_urunler_paket_fiyatlari_tl.csv,variant_code,JOT-801L-FG-012,,27acff7b-cdae-4822-be8e-f2291f30d3f1,800,1000
801L.FG.014,JOTA Elmas Frez 801L.FG.014 (5'li Paket),1000,imports\jota_2026_tum_urunler_paket_fiyatlari_tl.csv,variant_code,JOT-801L-FG-014,,27acff7b-cdae-4822-be8e-f2291f30d3f1,800,1000
801L.FG.016,JOTA Elmas Frez 801L.FG.016 (5'li Paket),1000,imports\jota_2026_tum_urunler_paket_fiyatlari_tl.csv,variant_code,JOT-801L-FG-016,,27acff7b-cdae-4822-be8e-f2291f30d3f1,800,1000
801LG.FG.012,JOTA Elmas Frez 801LG.FG.012 (5'li Paket),1000,imports\jota_2026_tum_urunler_paket_fiyatlari_tl.csv,variant_code,JOT-801L-GFG-012,,5237fdf7-6dea-4032-b5bf-65f623048a1a,800,1000
801LG.FG.014,JOTA Elmas Frez 801LG.FG.014 (5'li Paket),1000,imports\jota_2026_tum_urunler_paket_fiyatlari_tl.csv,variant_code,JOT-801L-GFG-014,,5237fdf7-6dea-4032-b5bf-65f623048a1a,800,1000
801LG.FG.016,JOTA Elmas Frez 801LG.FG.016 (5'li Paket),1000,imports\jota_2026_tum_urunler_paket_fiyatlari_tl.csv,variant_code,JOT-801L-GFG-016,,5237fdf7-6dea-4032-b5bf-65f623048a1a,800,1000
801SG.FG.014,JOTA Elmas Frez 801SG.FG.014 (5'li Paket),1000,imports\jota_2026_tum_urunler_paket_fiyatlari_tl.csv,variant_code,JOT-801-SGFG-014,,c07c6520-8a18-4bb9-be67-13d4feecdcdd,800,1000
801SG.FG.016,JOTA Elmas Frez 801SG.FG.016 (5'li Paket),1000,imports\jota_2026_tum_urunler_paket_fiyatlari_tl.csv,variant_code,JOT-801-SGFG-016,,c07c6520-8a18-4bb9-be67-13d4feecdcdd,800,1000
801SG.FG.018,JOTA Elmas Frez 801SG.FG.018 (5'li Paket),1000,imports\jota_2026_tum_urunler_paket_fiyatlari_tl.csv,variant_code,JOT-801-SGFG-018,,c07c6520-8a18-4bb9-be67-13d4feecdcdd,800,1000
801SG.FG.021,JOTA Elmas Frez 801SG.FG.021 (5'li Paket),1000,imports\jota_2026_tum_urunler_paket_fiyatlari_tl.csv,variant_code,JOT-801-SGFG-021,,c07c6520-8a18-4bb9-be67-13d4feecdcdd,800,1000
805.FG.010,JOTA Elmas Frez 805.FG.010 (5'li Paket),775,imports\jota_2026_tum_urunler_paket_fiyatlari_tl.csv,variant_code,JOT-805-FG-010,,66b47e2e-3691-40e2-b7e8-46c0592b2cb1,650,775
805.FG.012,JOTA Elmas Frez 805.FG.012 (5'li Paket),775,imports\jota_2026_tum_urunler_paket_fiyatlari_tl.csv,variant_code,JOT-805-FG-012,,66b47e2e-3691-40e2-b7e8-46c0592b2cb1,650,775
805.FG.014,JOTA Elmas Frez 805.FG.014 (5'li Paket),775,imports\jota_2026_tum_urunler_paket_fiyatlari_tl.csv,variant_code,JOT-805-FG-014,,66b47e2e-3691-40e2-b7e8-46c0592b2cb1,650,775
805.FG.016,JOTA Elmas Frez 805.FG.016 (5'li Paket),775,imports\jota_2026_tum_urunler_paket_fiyatlari_tl.csv,variant_code,JOT-805-FG-016,,66b47e2e-3691-40e2-b7e8-46c0592b2cb1,650,775
808.FG.012,JOTA Elmas Frez 808.FG.012 (5'li Paket),775,imports\jota_2026_tum_urunler_paket_fiyatlari_tl.csv,variant_code,JOT-808-FG-012,,4397097e-ddff-4d99-9df6-d8c0a4acc839,650,775
820F.FG.016,JOTA Elmas Frez 820F.FG.016 (5'li Paket),775,imports\jota_2026_tum_urunler_paket_fiyatlari_tl.csv,variant_code,JOT-820-FFG-016,,fcd21ab1-e9c4-4732-941e-47d5eef3bf75,650,775
830.FG.018,JOTA Elmas Frez 830.FG.018 (5'li Paket),775,imports\jota_2026_tum_urunler_paket_fiyatlari_tl.csv,variant_code,JOT-830-FG-018,,c9622a13-a967-4d4b-9a3e-9cc66488ce87,650,775
830.FG.021,JOTA Elmas Frez 830.FG.021 (5'li Paket),1000,imports\jota_2026_tum_urunler_paket_fiyatlari_tl.csv,variant_code,JOT-830-FG-021,,c9622a13-a967-4d4b-9a3e-9cc66488ce87,650,1000
830.FG.023,JOTA Elmas Frez 830.FG.023 (5'li Paket),1000,imports\jota_2026_tum_urunler_paket_fiyatlari_tl.csv,variant_code,JOT-830-FG-023,,c9622a13-a967-4d4b-9a3e-9cc66488ce87,650,1000
830EF.FG.021,JOTA Elmas Frez 830EF.FG.021 (5'li Paket),1000,imports\jota_2026_tum_urunler_paket_fiyatlari_tl.csv,variant_code,JOT-830-EFFG-021,,192d70ec-a698-4560-ad98-4c5c3cf36c83,650,1000
830EF.FG.023,JOTA Elmas Frez 830EF.FG.023 (5'li Paket),1000,imports\jota_2026_tum_urunler_paket_fiyatlari_tl.csv,variant_code,JOT-830-EFFG-023,,192d70ec-a698-4560-ad98-4c5c3cf36c83,650,1000
830F.FG.018,JOTA Elmas Frez 830F.FG.018 (5'li Paket),775,imports\jota_2026_tum_urunler_paket_fiyatlari_tl.csv,variant_code,JOT-830-FFG-018,,1b22b98c-4ae4-4c0c-96eb-38413dd142b4,650,775
830F.FG.021,JOTA Elmas Frez 830F.FG.021 (5'li Paket),1000,imports\jota_2026_tum_urunler_paket_fiyatlari_tl.csv,variant_code,JOT-830-FFG-021,,1b22b98c-4ae4-4c0c-96eb-38413dd142b4,650,1000
830F.FG.023,JOTA Elmas Frez 830F.FG.023 (5'li Paket),1000,imports\jota_2026_tum_urunler_paket_fiyatlari_tl.csv,variant_code,JOT-830-FFG-023,,1b22b98c-4ae4-4c0c-96eb-38413dd142b4,650,1000
830G.FG.016,JOTA Elmas Frez 830G.FG.016 (5'li Paket),775,imports\jota_2026_tum_urunler_paket_fiyatlari_tl.csv,variant_code,JOT-830-GFG-016,,edcc56b0-c5f0-4abd-98ca-84a8cccbed67,650,775
830G.FG.018,JOTA Elmas Frez 830G.FG.018 (5'li Paket),775,imports\jota_2026_tum_urunler_paket_fiyatlari_tl.csv,variant_code,JOT-830-GFG-018,,edcc56b0-c5f0-4abd-98ca-84a8cccbed67,650,775
830G.FG.023,JOTA Elmas Frez 830G.FG.023 (5'li Paket),1000,imports\jota_2026_tum_urunler_paket_fiyatlari_tl.csv,variant_code,JOT-830-GFG-023,,edcc56b0-c5f0-4abd-98ca-84a8cccbed67,650,1000
831F.FG.016,JOTA Elmas Frez 831F.FG.016 (5'li Paket),775,imports\jota_2026_tum_urunler_paket_fiyatlari_tl.csv,variant_code,JOT-831-FFG-016,,ba6610d7-390f-4412-a872-cf1f1f2209f3,650,775
833.FG.023,JOTA Elmas Frez 833.FG.023 (5'li Paket),1000,imports\jota_2026_tum_urunler_paket_fiyatlari_tl.csv,variant_code,JOT-833-FG-023,,f8c25263-2f5f-43f0-8f42-fc9babacb2e7,650,1000
833EF.FG.023,JOTA Elmas Frez 833EF.FG.023 (5'li Paket),1000,imports\jota_2026_tum_urunler_paket_fiyatlari_tl.csv,variant_code,JOT-833-EFFG-023,,29ee9c96-f050-4c68-906d-820a929139bd,650,1000
833F.FG.014,JOTA Elmas Frez 833F.FG.014 (5'li Paket),775,imports\jota_2026_tum_urunler_paket_fiyatlari_tl.csv,variant_code,JOT-833-FFG-014,,1521c831-e111-4d6a-b8e8-86f9891d4ac2,650,775
833F.FG.018,JOTA Elmas Frez 833F.FG.018 (5'li Paket),775,imports\jota_2026_tum_urunler_paket_fiyatlari_tl.csv,variant_code,JOT-833-FFG-018,,1521c831-e111-4d6a-b8e8-86f9891d4ac2,650,775
833F.FG.023,JOTA Elmas Frez 833F.FG.023 (5'li Paket),1000,imports\jota_2026_tum_urunler_paket_fiyatlari_tl.csv,variant_code,JOT-833-FFG-023,,1521c831-e111-4d6a-b8e8-86f9891d4ac2,650,1000
833G.FG.018,JOTA Elmas Frez 833G.FG.018 (5'li Paket),775,imports\jota_2026_tum_urunler_paket_fiyatlari_tl.csv,variant_code,JOT-833-GFG-018,,1eea86dc-7918-4d31-83da-a261b3e901bb,650,775
833G.FG.023,JOTA Elmas Frez 833G.FG.023 (5'li Paket),1000,imports\jota_2026_tum_urunler_paket_fiyatlari_tl.csv,variant_code,JOT-833-GFG-023,,1eea86dc-7918-4d31-83da-a261b3e901bb,650,1000
834.FG.016,JOTA Elmas Frez 834.FG.016 (5'li Paket),1625,imports\jota_2026_tum_urunler_paket_fiyatlari_tl.csv,variant_code,JOT-834-FG-016,,ee5440f4-8763-4ecf-a37a-dcd4df3eb35a,1300,1625
835.FG.008,JOTA Elmas Frez 835.FG.008 (5'li Paket),775,imports\jota_2026_tum_urunler_paket_fiyatlari_tl.csv,variant_code,JOT-835-FG-008,,6cdd3e5c-671b-4d2e-b0c1-1e96ff04f5dc,650,775
835.FG.010,JOTA Elmas Frez 835.FG.010 (5'li Paket),775,imports\jota_2026_tum_urunler_paket_fiyatlari_tl.csv,variant_code,JOT-835-FG-010,,6cdd3e5c-671b-4d2e-b0c1-1e96ff04f5dc,650,775
835.FG.012,JOTA Elmas Frez 835.FG.012 (5'li Paket),775,imports\jota_2026_tum_urunler_paket_fiyatlari_tl.csv,variant_code,JOT-835-FG-012,,6cdd3e5c-671b-4d2e-b0c1-1e96ff04f5dc,650,775
837D.FG.014,JOTA Elmas Frez 837D.FG.014 (5'li Paket),1625,imports\jota_2026_tum_urunler_paket_fiyatlari_tl.csv,variant_code,JOT-837D-FG-014,,21e3098b-6f48-4021-99ec-9a310974b161,1300,1625
837L.FG.012,JOTA Elmas Frez 837L.FG.012 (5'li Paket),1000,imports\jota_2026_tum_urunler_paket_fiyatlari_tl.csv,variant_code,JOT-837L-FG-012,,9fb9e943-267b-4f2d-831f-412cd8aaef50,800,1000
837L.FG.014,JOTA Elmas Frez 837L.FG.014 (5'li Paket),1000,imports\jota_2026_tum_urunler_paket_fiyatlari_tl.csv,variant_code,JOT-837L-FG-014,,9fb9e943-267b-4f2d-831f-412cd8aaef50,800,1000
837L.FG.016,JOTA Elmas Frez 837L.FG.016 (5'li Paket),1000,imports\jota_2026_tum_urunler_paket_fiyatlari_tl.csv,variant_code,JOT-837L-FG-016,,9fb9e943-267b-4f2d-831f-412cd8aaef50,800,1000
837LG.FG.012,JOTA Elmas Frez 837LG.FG.012 (5'li Paket),1000,imports\jota_2026_tum_urunler_paket_fiyatlari_tl.csv,variant_code,JOT-837L-GFG-012,,e94894b6-ae31-459e-813c-235ce4e0ac51,800,1000
837LG.FG.014,JOTA Elmas Frez 837LG.FG.014 (5'li Paket),1000,imports\jota_2026_tum_urunler_paket_fiyatlari_tl.csv,variant_code,JOT-837L-GFG-014,,e94894b6-ae31-459e-813c-235ce4e0ac51,800,1000
837LG.FG.016,JOTA Elmas Frez 837LG.FG.016 (5'li Paket),1000,imports\jota_2026_tum_urunler_paket_fiyatlari_tl.csv,variant_code,JOT-837L-GFG-016,,e94894b6-ae31-459e-813c-235ce4e0ac51,800,1000
845R.FG.018,JOTA Elmas Frez 845R.FG.018 (5'li Paket),775,imports\jota_2026_tum_urunler_paket_fiyatlari_tl.csv,variant_code,JOT-845R-FG-018,,4d4d48a7-9c15-4800-b853-059f90fcb42c,650,775
845R.FG.025,JOTA Elmas Frez 845R.FG.025 (5'li Paket),1000,imports\jota_2026_tum_urunler_paket_fiyatlari_tl.csv,variant_code,JOT-845R-FG-025,,4d4d48a7-9c15-4800-b853-059f90fcb42c,650,1000
848.FG.014,JOTA Elmas Frez 848.FG.014 (5'li Paket),1000,imports\jota_2026_tum_urunler_paket_fiyatlari_tl.csv,variant_code,JOT-848-FG-014,,a45eeb0b-19b6-471d-9610-e867b10b3f11,800,1000
848.FG.016,JOTA Elmas Frez 848.FG.016 (5'li Paket),1000,imports\jota_2026_tum_urunler_paket_fiyatlari_tl.csv,variant_code,JOT-848-FG-016,,a45eeb0b-19b6-471d-9610-e867b10b3f11,800,1000
848.FG.018,JOTA Elmas Frez 848.FG.018 (5'li Paket),1000,imports\jota_2026_tum_urunler_paket_fiyatlari_tl.csv,variant_code,JOT-848-FG-018,,a45eeb0b-19b6-471d-9610-e867b10b3f11,800,1000
850.FG.014,JOTA Elmas Frez 850.FG.014 (5'li Paket),1000,imports\jota_2026_tum_urunler_paket_fiyatlari_tl.csv,variant_code,JOT-850-FG-014,,bf8e769a-8eed-4b80-ab33-82cbb0c459bc,800,1000
850.FG.016,JOTA Elmas Frez 850.FG.016 (5'li Paket),1000,imports\jota_2026_tum_urunler_paket_fiyatlari_tl.csv,variant_code,JOT-850-FG-016,,bf8e769a-8eed-4b80-ab33-82cbb0c459bc,800,1000
850.FG.018,JOTA Elmas Frez 850.FG.018 (5'li Paket),1000,imports\jota_2026_tum_urunler_paket_fiyatlari_tl.csv,variant_code,JOT-850-FG-018,,bf8e769a-8eed-4b80-ab33-82cbb0c459bc,800,1000
850F.FG.014,JOTA Elmas Frez 850F.FG.014 (5'li Paket),1000,imports\jota_2026_tum_urunler_paket_fiyatlari_tl.csv,variant_code,JOT-850-FFG-014,,906bbc47-73e5-455a-b24f-3dcc7eb0e772,650,1000
850F.FG.016,JOTA Elmas Frez 850F.FG.016 (5'li Paket),1000,imports\jota_2026_tum_urunler_paket_fiyatlari_tl.csv,variant_code,JOT-850-FFG-016,,906bbc47-73e5-455a-b24f-3dcc7eb0e772,650,1000
850F.FG.018,JOTA Elmas Frez 850F.FG.018 (5'li Paket),1000,imports\jota_2026_tum_urunler_paket_fiyatlari_tl.csv,variant_code,JOT-850-FFG-018,,906bbc47-73e5-455a-b24f-3dcc7eb0e772,650,1000
850G.FG.014,JOTA Elmas Frez 850G.FG.014 (5'li Paket),1000,imports\jota_2026_tum_urunler_paket_fiyatlari_tl.csv,variant_code,JOT-850-GFG-014,,6ec3feab-54bf-4e84-97b2-e7ed08bf5850,650,1000
850G.FG.016,JOTA Elmas Frez 850G.FG.016 (5'li Paket),1000,imports\jota_2026_tum_urunler_paket_fiyatlari_tl.csv,variant_code,JOT-850-GFG-016,,6ec3feab-54bf-4e84-97b2-e7ed08bf5850,650,1000
850G.FG.018,JOTA Elmas Frez 850G.FG.018 (5'li Paket),1000,imports\jota_2026_tum_urunler_paket_fiyatlari_tl.csv,variant_code,JOT-850-GFG-018,,6ec3feab-54bf-4e84-97b2-e7ed08bf5850,650,1000
851L.FG.016,JOTA Elmas Frez 851L.FG.016 (5'li Paket),1000,imports\jota_2026_tum_urunler_paket_fiyatlari_tl.csv,variant_code,JOT-851L-FG-016,,cd515b79-f0e3-4f90-bdb8-077a4eff2c0e,800,1000
852.FG.012,JOTA Elmas Frez 852.FG.012 (5'li Paket),1000,imports\jota_2026_tum_urunler_paket_fiyatlari_tl.csv,variant_code,JOT-852-FG-012,,4cfa39e0-3f40-4dc9-922d-db5588a7f169,800,1000
852.FG.014,JOTA Elmas Frez 852.FG.014 (5'li Paket),1000,imports\jota_2026_tum_urunler_paket_fiyatlari_tl.csv,variant_code,JOT-852-FG-014,,4cfa39e0-3f40-4dc9-922d-db5588a7f169,800,1000
852.FG.016,JOTA Elmas Frez 852.FG.016 (5'li Paket),1000,imports\jota_2026_tum_urunler_paket_fiyatlari_tl.csv,variant_code,JOT-852-FG-016,,4cfa39e0-3f40-4dc9-922d-db5588a7f169,800,1000
852.FG.018,JOTA Elmas Frez 852.FG.018 (5'li Paket),1000,imports\jota_2026_tum_urunler_paket_fiyatlari_tl.csv,variant_code,JOT-852-FG-018,,4cfa39e0-3f40-4dc9-922d-db5588a7f169,800,1000
852F.FG.012,JOTA Elmas Frez 852F.FG.012 (5'li Paket),1000,imports\jota_2026_tum_urunler_paket_fiyatlari_tl.csv,variant_code,JOT-852-FFG-012,,c6a2130a-ca0c-4fb3-bbf1-f4c8906d0d83,650,1000
852F.FG.014,JOTA Elmas Frez 852F.FG.014 (5'li Paket),1000,imports\jota_2026_tum_urunler_paket_fiyatlari_tl.csv,variant_code,JOT-852-FFG-014,,c6a2130a-ca0c-4fb3-bbf1-f4c8906d0d83,650,1000
852F.FG.016,JOTA Elmas Frez 852F.FG.016 (5'li Paket),1000,imports\jota_2026_tum_urunler_paket_fiyatlari_tl.csv,variant_code,JOT-852-FFG-016,,c6a2130a-ca0c-4fb3-bbf1-f4c8906d0d83,650,1000
852F.FG.018,JOTA Elmas Frez 852F.FG.018 (5'li Paket),1000,imports\jota_2026_tum_urunler_paket_fiyatlari_tl.csv,variant_code,JOT-852-FFG-018,,c6a2130a-ca0c-4fb3-bbf1-f4c8906d0d83,650,1000
852G.FG.012,JOTA Elmas Frez 852G.FG.012 (5'li Paket),1000,imports\jota_2026_tum_urunler_paket_fiyatlari_tl.csv,variant_code,JOT-852-GFG-012,,cfe11a9d-15dd-40cf-a0d8-35867953250c,650,1000
852G.FG.014,JOTA Elmas Frez 852G.FG.014 (5'li Paket),1000,imports\jota_2026_tum_urunler_paket_fiyatlari_tl.csv,variant_code,JOT-852-GFG-014,,cfe11a9d-15dd-40cf-a0d8-35867953250c,650,1000
852G.FG.016,JOTA Elmas Frez 852G.FG.016 (5'li Paket),1000,imports\jota_2026_tum_urunler_paket_fiyatlari_tl.csv,variant_code,JOT-852-GFG-016,,cfe11a9d-15dd-40cf-a0d8-35867953250c,650,1000
852G.FG.018,JOTA Elmas Frez 852G.FG.018 (5'li Paket),1000,imports\jota_2026_tum_urunler_paket_fiyatlari_tl.csv,variant_code,JOT-852-GFG-018,,cfe11a9d-15dd-40cf-a0d8-35867953250c,650,1000
852SG.FG.014,JOTA Elmas Frez 852SG.FG.014 (5'li Paket),1000,imports\jota_2026_tum_urunler_paket_fiyatlari_tl.csv,variant_code,JOT-852-SGFG-014,,704a6815-d06c-4a83-971d-67e7122f75e7,650,1000
852SG.FG.016,JOTA Elmas Frez 852SG.FG.016 (5'li Paket),1000,imports\jota_2026_tum_urunler_paket_fiyatlari_tl.csv,variant_code,JOT-852-SGFG-016,,704a6815-d06c-4a83-971d-67e7122f75e7,650,1000
852SG.FG.018,JOTA Elmas Frez 852SG.FG.018 (5'li Paket),1000,imports\jota_2026_tum_urunler_paket_fiyatlari_tl.csv,variant_code,JOT-852-SGFG-018,,704a6815-d06c-4a83-971d-67e7122f75e7,650,1000
859.FG.010,JOTA Elmas Frez 859.FG.010 (5'li Paket),1000,imports\jota_2026_tum_urunler_paket_fiyatlari_tl.csv,variant_code,JOT-859-FG-010,,d460513c-7dce-40ca-abfb-036572f6e535,650,1000
859.FG.012,JOTA Elmas Frez 859.FG.012 (5'li Paket),1000,imports\jota_2026_tum_urunler_paket_fiyatlari_tl.csv,variant_code,JOT-859-FG-012,,d460513c-7dce-40ca-abfb-036572f6e535,650,1000
859.FG.014,JOTA Elmas Frez 859.FG.014 (5'li Paket),1000,imports\jota_2026_tum_urunler_paket_fiyatlari_tl.csv,variant_code,JOT-859-FG-014,,d460513c-7dce-40ca-abfb-036572f6e535,650,1000
859EF.FG.010,JOTA Elmas Frez 859EF.FG.010 (5'li Paket),1000,imports\jota_2026_tum_urunler_paket_fiyatlari_tl.csv,variant_code,JOT-859-EFFG-010,,e8299b5b-aed6-4d0a-84af-7cbb47b12132,650,1000
859EF.FG.012,JOTA Elmas Frez 859EF.FG.012 (5'li Paket),1000,imports\jota_2026_tum_urunler_paket_fiyatlari_tl.csv,variant_code,JOT-859-EFFG-012,,e8299b5b-aed6-4d0a-84af-7cbb47b12132,650,1000
859EF.FG.014,JOTA Elmas Frez 859EF.FG.014 (5'li Paket),1000,imports\jota_2026_tum_urunler_paket_fiyatlari_tl.csv,variant_code,JOT-859-EFFG-014,,e8299b5b-aed6-4d0a-84af-7cbb47b12132,650,1000
859F.FG.010,JOTA Elmas Frez 859F.FG.010 (5'li Paket),1000,imports\jota_2026_tum_urunler_paket_fiyatlari_tl.csv,variant_code,JOT-859-FFG-010,,ccf12fd8-5c2d-4a0d-82c2-7acd5e910193,650,1000
859F.FG.012,JOTA Elmas Frez 859F.FG.012 (5'li Paket),1000,imports\jota_2026_tum_urunler_paket_fiyatlari_tl.csv,variant_code,JOT-859-FFG-012,,ccf12fd8-5c2d-4a0d-82c2-7acd5e910193,650,1000
859F.FG.014,JOTA Elmas Frez 859F.FG.014 (5'li Paket),1000,imports\jota_2026_tum_urunler_paket_fiyatlari_tl.csv,variant_code,JOT-859-FFG-014,,ccf12fd8-5c2d-4a0d-82c2-7acd5e910193,650,1000
859G.FG.012,JOTA Elmas Frez 859G.FG.012 (5'li Paket),1000,imports\jota_2026_tum_urunler_paket_fiyatlari_tl.csv,variant_code,JOT-859-GFG-012,,7d750a0e-f3ad-404e-9a00-c11d5eeabbff,650,1000
859G.FG.014,JOTA Elmas Frez 859G.FG.014 (5'li Paket),1000,imports\jota_2026_tum_urunler_paket_fiyatlari_tl.csv,variant_code,JOT-859-GFG-014,,7d750a0e-f3ad-404e-9a00-c11d5eeabbff,650,1000
859L.FG.010,JOTA Elmas Frez 859L.FG.010 (5'li Paket),1000,imports\jota_2026_tum_urunler_paket_fiyatlari_tl.csv,variant_code,JOT-859L-FG-010,,0a67389e-1984-4abc-bac0-436744dd382a,650,1000
859L.FG.012,JOTA Elmas Frez 859L.FG.012 (5'li Paket),1000,imports\jota_2026_tum_urunler_paket_fiyatlari_tl.csv,variant_code,JOT-859L-FG-012,859L.FG.012,jota-859l-uzun-alev-elmas-frez,275,1000
859L.FG.014,JOTA Elmas Frez 859L.FG.014 (5'li Paket),1000,imports\jota_2026_tum_urunler_paket_fiyatlari_tl.csv,variant_code,JOT-859L-FG-014,,0a67389e-1984-4abc-bac0-436744dd382a,650,1000
859LF.FG.010,JOTA Elmas Frez 859LF.FG.010 (5'li Paket),1000,imports\jota_2026_tum_urunler_paket_fiyatlari_tl.csv,variant_code,JOT-859L-FFG-010,,bbac8ea2-9a6d-408d-81f2-37b758c0e464,650,1000
859LF.FG.012,JOTA Elmas Frez 859LF.FG.012 (5'li Paket),1000,imports\jota_2026_tum_urunler_paket_fiyatlari_tl.csv,variant_code,JOT-859L-FFG-012,,bbac8ea2-9a6d-408d-81f2-37b758c0e464,650,1000
859LF.FG.014,JOTA Elmas Frez 859LF.FG.014 (5'li Paket),1000,imports\jota_2026_tum_urunler_paket_fiyatlari_tl.csv,variant_code,JOT-859L-FFG-014,,bbac8ea2-9a6d-408d-81f2-37b758c0e464,650,1000
862.FG.010,JOTA Elmas Frez 862.FG.010 (5'li Paket),1000,imports\jota_2026_tum_urunler_paket_fiyatlari_tl.csv,variant_code,JOT-862-FG-010,,4ba3d5a1-8ad9-4a7c-916e-6c53da848b7f,800,1000
862.FG.012,JOTA Elmas Frez 862.FG.012 (5'li Paket),1000,imports\jota_2026_tum_urunler_paket_fiyatlari_tl.csv,variant_code,JOT-862-FG-012,,4ba3d5a1-8ad9-4a7c-916e-6c53da848b7f,800,1000
862EF.FG.010,JOTA Elmas Frez 862EF.FG.010 (5'li Paket),1000,imports\jota_2026_tum_urunler_paket_fiyatlari_tl.csv,variant_code,JOT-862-EFFG-010,,380e49b2-30d7-4de1-8502-c93bc7a48159,650,1000
862EF.FG.012,JOTA Elmas Frez 862EF.FG.012 (5'li Paket),1000,imports\jota_2026_tum_urunler_paket_fiyatlari_tl.csv,variant_code,JOT-862-EFFG-012,,380e49b2-30d7-4de1-8502-c93bc7a48159,650,1000
862EF.FG.014,JOTA Elmas Frez 862EF.FG.014 (5'li Paket),1000,imports\jota_2026_tum_urunler_paket_fiyatlari_tl.csv,variant_code,JOT-862-EFFG-014,,380e49b2-30d7-4de1-8502-c93bc7a48159,650,1000
862F.FG.010,JOTA Elmas Frez 862F.FG.010 (5'li Paket),1000,imports\jota_2026_tum_urunler_paket_fiyatlari_tl.csv,variant_code,JOT-862-FFG-010,,abde14cf-a694-42d2-be19-7503dc9c1fb0,650,1000
862F.FG.012,JOTA Elmas Frez 862F.FG.012 (5'li Paket),1000,imports\jota_2026_tum_urunler_paket_fiyatlari_tl.csv,variant_code,JOT-862-FFG-012,,abde14cf-a694-42d2-be19-7503dc9c1fb0,650,1000
862F.FG.014,JOTA Elmas Frez 862F.FG.014 (5'li Paket),1000,imports\jota_2026_tum_urunler_paket_fiyatlari_tl.csv,variant_code,JOT-862-FFG-014,,abde14cf-a694-42d2-be19-7503dc9c1fb0,650,1000
862G.FG.010,JOTA Elmas Frez 862G.FG.010 (5'li Paket),1000,imports\jota_2026_tum_urunler_paket_fiyatlari_tl.csv,variant_code,JOT-862-GFG-010,,4752ab7e-126f-43a8-962b-7808dbaa472c,650,1000
862G.FG.012,JOTA Elmas Frez 862G.FG.012 (5'li Paket),1000,imports\jota_2026_tum_urunler_paket_fiyatlari_tl.csv,variant_code,JOT-862-GFG-012,,4752ab7e-126f-43a8-962b-7808dbaa472c,650,1000
862G.FG.014,JOTA Elmas Frez 862G.FG.014 (5'li Paket),1000,imports\jota_2026_tum_urunler_paket_fiyatlari_tl.csv,variant_code,JOT-862-GFG-014,,4752ab7e-126f-43a8-962b-7808dbaa472c,650,1000
863.FG.012,JOTA Elmas Frez 863.FG.012 (5'li Paket),1000,imports\jota_2026_tum_urunler_paket_fiyatlari_tl.csv,variant_code,JOT-863-FG-012,,9cbc705f-f55f-466a-81ed-968815f204ae,800,1000
863EF.FG.012,JOTA Elmas Frez 863EF.FG.012 (5'li Paket),1000,imports\jota_2026_tum_urunler_paket_fiyatlari_tl.csv,variant_code,JOT-863-EFFG-012,,6564ae23-39fe-4dbc-9caa-63effd51f66f,650,1000
863F.FG.012,JOTA Elmas Frez 863F.FG.012 (5'li Paket),1000,imports\jota_2026_tum_urunler_paket_fiyatlari_tl.csv,variant_code,JOT-863-FFG-012,,4a624374-cd8e-4906-a6fc-20e47fe150cd,650,1000
863G.FG.012,JOTA Elmas Frez 863G.FG.012 (5'li Paket),1000,imports\jota_2026_tum_urunler_paket_fiyatlari_tl.csv,variant_code,JOT-863-GFG-012,,133803e3-4d3f-4ecf-a4d2-54fde4a208df,650,1000
863G.FG.016,JOTA Elmas Frez 863G.FG.016 (5'li Paket),1000,imports\jota_2026_tum_urunler_paket_fiyatlari_tl.csv,variant_code,JOT-863-GFG-016,,133803e3-4d3f-4ecf-a4d2-54fde4a208df,650,1000
863SG.FG.016,JOTA Elmas Frez 863SG.FG.016 (5'li Paket),1000,imports\jota_2026_tum_urunler_paket_fiyatlari_tl.csv,variant_code,JOT-863-SGFG-016,,f026da9c-96ab-4c2f-bf68-ea31b921fe12,800,1000
868.FG.012,JOTA Elmas Frez 868.FG.012 (5'li Paket),1000,imports\jota_2026_tum_urunler_paket_fiyatlari_tl.csv,variant_code,JOT-868-FG-012,,ec7fc92e-3b9d-4f86-a8c8-9c0132f801d8,800,1000
868.FG.014,JOTA Elmas Frez 868.FG.014 (5'li Paket),1000,imports\jota_2026_tum_urunler_paket_fiyatlari_tl.csv,variant_code,JOT-868-FG-014,,ec7fc92e-3b9d-4f86-a8c8-9c0132f801d8,800,1000
868F.FG.012,JOTA Elmas Frez 868F.FG.012 (5'li Paket),1000,imports\jota_2026_tum_urunler_paket_fiyatlari_tl.csv,variant_code,JOT-868-FFG-012,,0d28817d-91ec-4d1d-81b4-fd97e2c75f2d,800,1000
868F.FG.014,JOTA Elmas Frez 868F.FG.014 (5'li Paket),1000,imports\jota_2026_tum_urunler_paket_fiyatlari_tl.csv,variant_code,JOT-868-FFG-014,,0d28817d-91ec-4d1d-81b4-fd97e2c75f2d,800,1000
868G.FG.012,JOTA Elmas Frez 868G.FG.012 (5'li Paket),1000,imports\jota_2026_tum_urunler_paket_fiyatlari_tl.csv,variant_code,JOT-868-GFG-012,,4bf2d52e-4344-49e2-ad6b-10e92f8c8930,800,1000
868G.FG.014,JOTA Elmas Frez 868G.FG.014 (5'li Paket),1000,imports\jota_2026_tum_urunler_paket_fiyatlari_tl.csv,variant_code,JOT-868-GFG-014,,4bf2d52e-4344-49e2-ad6b-10e92f8c8930,800,1000
881.FG.012,JOTA Elmas Frez 881.FG.012 (5'li Paket),1000,imports\jota_2026_tum_urunler_paket_fiyatlari_tl.csv,variant_code,JOT-881-FG-012,,fa2335db-7bd2-498c-993e-b59b28368825,800,1000
881.FG.014,JOTA Elmas Frez 881.FG.014 (5'li Paket),1000,imports\jota_2026_tum_urunler_paket_fiyatlari_tl.csv,variant_code,JOT-881-FG-014,,fa2335db-7bd2-498c-993e-b59b28368825,800,1000
881.FG.016,JOTA Elmas Frez 881.FG.016 (5'li Paket),1000,imports\jota_2026_tum_urunler_paket_fiyatlari_tl.csv,variant_code,JOT-881-FG-016,,fa2335db-7bd2-498c-993e-b59b28368825,800,1000
881F.FG.012,JOTA Elmas Frez 881F.FG.012 (5'li Paket),1000,imports\jota_2026_tum_urunler_paket_fiyatlari_tl.csv,variant_code,JOT-881-FFG-012,,88665765-43cd-4455-83ee-144a0e7ffcbe,800,1000
881F.FG.014,JOTA Elmas Frez 881F.FG.014 (5'li Paket),1000,imports\jota_2026_tum_urunler_paket_fiyatlari_tl.csv,variant_code,JOT-881-FFG-014,,88665765-43cd-4455-83ee-144a0e7ffcbe,800,1000
881F.FG.016,JOTA Elmas Frez 881F.FG.016 (5'li Paket),1000,imports\jota_2026_tum_urunler_paket_fiyatlari_tl.csv,variant_code,JOT-881-FFG-016,,88665765-43cd-4455-83ee-144a0e7ffcbe,800,1000
881G.FG.012,JOTA Elmas Frez 881G.FG.012 (5'li Paket),1000,imports\jota_2026_tum_urunler_paket_fiyatlari_tl.csv,variant_code,JOT-881-GFG-012,,d5184976-7cb7-4a30-a8f9-d2a0718c297b,800,1000
881G.FG.014,JOTA Elmas Frez 881G.FG.014 (5'li Paket),1000,imports\jota_2026_tum_urunler_paket_fiyatlari_tl.csv,variant_code,JOT-881-GFG-014,,d5184976-7cb7-4a30-a8f9-d2a0718c297b,800,1000
881G.FG.016,JOTA Elmas Frez 881G.FG.016 (5'li Paket),1000,imports\jota_2026_tum_urunler_paket_fiyatlari_tl.csv,variant_code,JOT-881-GFG-016,,d5184976-7cb7-4a30-a8f9-d2a0718c297b,800,1000
881SG.FG.012,JOTA Elmas Frez 881SG.FG.012 (5'li Paket),1000,imports\jota_2026_tum_urunler_paket_fiyatlari_tl.csv,variant_code,JOT-881-SGFG-012,,7e164f82-e8c1-4a02-a598-0324e3e741d4,800,1000
881SG.FG.014,JOTA Elmas Frez 881SG.FG.014 (5'li Paket),1000,imports\jota_2026_tum_urunler_paket_fiyatlari_tl.csv,variant_code,JOT-881-SGFG-014,,7e164f82-e8c1-4a02-a598-0324e3e741d4,800,1000
889LF.FG.009,JOTA Elmas Frez 889LF.FG.009 (5'li Paket),775,imports\jota_2026_tum_urunler_paket_fiyatlari_tl.csv,variant_code,JOT-889L-FFG-009,,3b98c26b-bea9-48b7-9e6b-1a69810495dd,650,775
890F.FG.010,JOTA Elmas Frez 890F.FG.010 (5'li Paket),775,imports\jota_2026_tum_urunler_paket_fiyatlari_tl.csv,variant_code,JOT-890-FFG-010,,06612979-319c-4caa-ae89-ba55e0998b51,650,775
890LF.FG.008,JOTA Elmas Frez 890LF.FG.008 (5'li Paket),775,imports\jota_2026_tum_urunler_paket_fiyatlari_tl.csv,variant_code,JOT-890L-FFG-008,,f703f730-4927-46c8-b9f7-6258763d9f14,650,775
895F.FG.016,JOTA Elmas Frez 895F.FG.016 (5'li Paket),775,imports\jota_2026_tum_urunler_paket_fiyatlari_tl.csv,variant_code,JOT-895-FFG-016,,9697966d-793e-463f-aaca-6537883cce20,650,775
Z801L.FG.014,JOTA Elmas Frez Z801L.FG.014 (5'li Paket),2350,imports\jota_2026_tum_urunler_paket_fiyatlari_tl.csv,variant_code,JOT-Z801L-FG-014,,510b8c55-a202-4712-8f7c-bcb672783711,650,2350
Z818.FG.060,JOTA Elmas Frez Z818.FG.060 (5'li Paket),4025,imports\jota_2026_tum_urunler_paket_fiyatlari_tl.csv,variant_code,JOT-Z818-FG-060,,25c70352-439f-49da-b608-c70e76108192,650,4025
Z838L.FG.014,JOTA Elmas Frez Z838L.FG.014 (5'li Paket),2350,imports\jota_2026_tum_urunler_paket_fiyatlari_tl.csv,variant_code,JOT-Z838L-FG-014,,622543a6-17ce-487a-a77e-4ec8a9dd81de,650,2350
Z850.FG.018,JOTA Elmas Frez Z850.FG.018 (5'li Paket),2350,imports\jota_2026_tum_urunler_paket_fiyatlari_tl.csv,variant_code,JOT-Z850-FG-018,,3d697ed0-bd80-41e7-9ac4-e41b6b4de748,650,2350
Z850F.FG.018,JOTA Elmas Frez Z850F.FG.018 (5'li Paket),2350,imports\jota_2026_tum_urunler_paket_fiyatlari_tl.csv,variant_code,JOT-Z850-FFG-018,,8dfcde3a-7f7a-41cd-9787-864763526cdc,650,2350
9501F.RA.030,JOTA Polisaj / Cilalama 9501F.RA.030 (3'li Paket),325,imports\jota_2026_tum_urunler_paket_fiyatlari_tl.csv,variant_code,JOT-9501-FRA-030,,a6c2724c-2846-4742-bd4a-5a5ab9742400,400,325
9501G.RA.030,JOTA Polisaj / Cilalama 9501G.RA.030 (2'li Paket),225,imports\jota_2026_tum_urunler_paket_fiyatlari_tl.csv,variant_code,JOT-9501-GRA-030,,87a84ca7-86df-42c7-93af-80fd9828bf2d,400,225
9765F.RA.055,JOTA Polisaj / Cilalama 9765F.RA.055 (2'li Paket),1400,imports\jota_2026_tum_urunler_paket_fiyatlari_tl.csv,variant_code,JOT-9765-FRA-055,,f3073a73-6716-47b2-83ca-23df67ea71bb,1100,1400
9812F.RA.040,JOTA Polisaj / Cilalama 9812F.RA.040 (2'li Paket),1075,imports\jota_2026_tum_urunler_paket_fiyatlari_tl.csv,variant_code,JOT-9812-FRA-040,,95cab2e6-ea0e-43cc-87df-3e0e44a4d7a6,900,1075
9812G.RA.040,JOTA Polisaj / Cilalama 9812G.RA.040 (2'li Paket),1075,imports\jota_2026_tum_urunler_paket_fiyatlari_tl.csv,variant_code,JOT-9812-GRA-040,,2d2618f7-d792-4401-b827-6315c5ec58c1,900,1075
9813F.RA.060,JOTA Polisaj / Cilalama 9813F.RA.060 (2'li Paket),1075,imports\jota_2026_tum_urunler_paket_fiyatlari_tl.csv,variant_code,JOT-9813-FRA-060,,05c833f5-bbef-48e4-bd7e-85e132901bad,900,1075
9813G.RA.060,JOTA Polisaj / Cilalama 9813G.RA.060 (2'li Paket),1075,imports\jota_2026_tum_urunler_paket_fiyatlari_tl.csv,variant_code,JOT-9813-GRA-060,,42553b7e-9380-452e-b587-f4390b4b598a,900,1075
ZIR9861F.RA.040,JOTA Polisaj / Cilalama ZIR9861F.RA.040 (2'li Paket),1075,imports\jota_2026_tum_urunler_paket_fiyatlari_tl.csv,variant_code,JOT-ZIR9861-FRA-040,,2432458d-040d-41dd-9cc9-6c163ef28c68,900,1075
